scenario,regime,M,N_train_per_class,N_validation_per_class,N_test_per_class,repetition,direct_nn_accuracy,validation_accuracy,validation_cross_entropy,hidden_layers,hidden_width,learning_rate,selected_trial,finalists_evaluated,best_epoch,n_classes,predicted_class_count,missing_predicted_classes,class_collapse,chance_or_worse,minimum_class_recall,zero_recall_class_count,confusion_matrix,class_0_recall,class_1_recall,class_2_recall,class_3_recall,class_4_recall
B,B,10,100,100,1000,0,0.8792,0.87,0.35925532930516874,1,32,0.002998967895543828,7,1,194,5,5,,0,0,0.82,0,"[[912,88,0,0,0],[78,891,31,0,0],[0,97,820,83,0],[0,0,33,872,95],[0,0,0,99,901]]",0.912,0.891,0.82,0.872,0.901
B,B,10,100,100,1000,1,0.8552,0.86,0.4205821326799794,1,64,0.005212924270051291,13,1,140,5,5,,0,0,0.731,0,"[[892,108,0,0,0],[93,861,46,0,0],[0,77,855,68,0],[0,0,65,731,204],[0,0,0,63,937]]",0.892,0.861,0.855,0.731,0.937
B,B,10,100,100,1000,2,0.8338,0.85,0.3967243929790051,1,32,0.0038216894626087084,17,1,104,5,5,,0,0,0.713,0,"[[934,66,0,0,0],[218,713,69,0,0],[0,80,799,120,1],[0,0,45,822,133],[0,0,0,99,901]]",0.934,0.713,0.799,0.822,0.901
B,B,10,100,100,1000,3,0.867,0.882,0.3656530992270017,1,16,0.003156262167565828,14,1,177,5,5,,0,0,0.821,0,"[[926,74,0,0,0],[130,830,40,0,0],[0,82,842,76,0],[0,0,39,821,140],[0,0,0,84,916]]",0.926,0.83,0.842,0.821,0.916
B,B,10,100,100,1000,4,0.8736,0.876,0.34275655694599416,1,48,0.0030664475954781728,7,1,222,5,5,,0,0,0.825,0,"[[880,120,0,0,0],[77,894,29,0,0],[0,100,831,69,0],[0,0,62,825,113],[0,0,0,62,938]]",0.88,0.894,0.831,0.825,0.938
B,B,10,100,100,1000,5,0.8672,0.852,0.3624150241975831,1,32,0.003846585101306414,3,1,125,5,5,,0,0,0.799,0,"[[916,84,0,0,0],[142,799,59,0,0],[0,79,835,86,0],[0,0,42,855,103],[0,0,1,68,931]]",0.916,0.799,0.835,0.855,0.931
B,B,10,100,100,1000,6,0.6614,0.668,0.8690410581422662,2,32,0.0015880483729216726,2,1,105,5,5,,0,0,0.429,0,"[[879,121,0,0,0],[441,554,5,0,0],[72,223,429,187,89],[0,0,6,496,498],[0,0,0,51,949]]",0.879,0.554,0.429,0.496,0.949
B,B,10,100,100,1000,7,0.8674,0.85,0.37532740731150527,1,48,0.004264814592036354,13,1,173,5,5,,0,0,0.828,0,"[[900,100,0,0,0],[103,834,63,0,0],[0,63,855,82,0],[0,0,66,828,106],[0,0,0,80,920]]",0.9,0.834,0.855,0.828,0.92
B,B,10,100,100,1000,8,0.865,0.86,0.4337124174679091,4,16,0.009416164472082978,1,1,77,5,5,,0,0,0.805,0,"[[924,76,0,0,0],[139,805,56,0,0],[0,60,835,104,1],[0,0,43,863,94],[0,0,0,102,898]]",0.924,0.805,0.835,0.863,0.898
B,B,10,100,100,1000,9,0.501,0.512,1.5316793061780003,3,48,0.005143645366484484,5,1,11,5,4,3,1,0,0.0,1,"[[960,30,9,0,1],[685,202,110,0,3],[137,194,347,0,322],[0,15,24,0,961],[0,3,1,0,996]]",0.96,0.202,0.347,0.0,0.996
B,B,10,100,100,1000,10,0.8516,0.864,0.38634393648173704,4,16,0.003249502655620878,8,1,160,5,5,,0,0,0.783,0,"[[896,104,0,0,0],[181,783,36,0,0],[0,108,797,94,1],[0,0,30,825,145],[0,0,0,43,957]]",0.896,0.783,0.797,0.825,0.957
B,B,10,100,100,1000,11,0.8688,0.894,0.2956441204772237,4,16,0.005703378526160076,5,1,156,5,5,,0,0,0.771,0,"[[938,62,0,0,0],[145,771,84,0,0],[0,66,862,72,0],[0,0,52,856,92],[0,0,0,83,917]]",0.938,0.771,0.862,0.856,0.917
B,B,10,100,100,1000,12,0.5834,0.62,1.0356989400076648,1,32,0.00014301165457464402,2,1,244,5,5,,0,0,0.2,0,"[[852,147,1,0,0],[441,544,14,1,0],[114,209,200,330,147],[0,0,1,357,642],[0,0,0,36,964]]",0.852,0.544,0.2,0.357,0.964
B,B,10,100,100,1000,13,0.8774,0.884,0.31720184044275895,2,16,0.0048976302818302606,14,1,136,5,5,,0,0,0.83,0,"[[903,97,0,0,0],[102,836,62,0,0],[0,71,868,61,0],[0,0,49,830,121],[0,0,0,50,950]]",0.903,0.836,0.868,0.83,0.95
B,B,10,100,100,1000,14,0.877,0.848,0.3574922380774078,2,16,0.0032675205236291135,17,1,165,5,5,,0,0,0.84,0,"[[905,95,0,0,0],[92,840,68,0,0],[0,79,867,54,0],[0,0,67,848,85],[0,0,0,75,925]]",0.905,0.84,0.867,0.848,0.925
B,B,10,100,100,1000,15,0.8526,0.888,0.3607134798997431,2,48,0.0070169536623088825,3,1,189,5,5,,0,0,0.795,0,"[[896,104,0,0,0],[134,821,45,0,0],[0,87,856,57,0],[0,0,52,795,153],[0,0,0,105,895]]",0.896,0.821,0.856,0.795,0.895
B,B,10,100,100,1000,16,0.8764,0.888,0.30349481809663464,1,32,0.009579419860715076,18,1,79,5,5,,0,0,0.829,0,"[[920,80,0,0,0],[113,829,58,0,0],[0,58,863,79,0],[0,0,29,847,124],[0,0,0,77,923]]",0.92,0.829,0.863,0.847,0.923
B,B,10,100,100,1000,17,0.723,0.732,0.675950033773568,1,48,0.0005063326088848209,16,1,495,5,5,,0,0,0.522,0,"[[941,59,0,0,0],[381,582,37,0,0],[15,238,522,195,30],[0,0,12,685,303],[0,0,0,115,885]]",0.941,0.582,0.522,0.685,0.885
B,B,10,100,100,1000,18,0.8648,0.868,0.3524474064724452,2,48,0.008429203355782839,15,1,81,5,5,,0,0,0.809,0,"[[881,119,0,0,0],[108,857,35,0,0],[0,111,809,80,0],[0,0,26,871,103],[0,0,0,94,906]]",0.881,0.857,0.809,0.871,0.906
B,B,10,100,100,1000,19,0.8616,0.872,0.3372839853715156,1,48,0.0029754356007358775,17,1,187,5,5,,0,0,0.835,0,"[[884,116,0,0,0],[102,835,63,0,0],[0,77,859,63,1],[0,0,66,841,93],[0,0,0,111,889]]",0.884,0.835,0.859,0.841,0.889
B,B,10,100,100,1000,20,0.866,0.864,0.34378892473487604,2,16,0.005873970835924457,8,1,63,5,5,,0,0,0.808,0,"[[925,75,0,0,0],[134,808,58,0,0],[0,66,841,93,0],[0,0,37,834,129],[0,0,0,78,922]]",0.925,0.808,0.841,0.834,0.922
B,B,10,100,100,1000,21,0.8364,0.842,0.40930599077922825,1,16,0.005772493946596884,10,1,105,5,5,,0,0,0.734,0,"[[909,91,0,0,0],[139,807,54,0,0],[0,103,792,105,0],[0,0,56,734,210],[0,0,0,60,940]]",0.909,0.807,0.792,0.734,0.94
B,B,10,100,100,1000,22,0.398,0.4,1.488105705466392,1,96,0.0021570579921516547,5,1,32,5,3,1;2,1,0,0.0,3,"[[1000,0,0,0,0],[990,0,0,0,10],[518,0,0,390,92],[10,0,0,990,0],[0,0,0,1000,0]]",1.0,0.0,0.0,0.99,0.0
B,B,10,100,100,1000,23,0.847,0.874,0.37679948603287594,4,16,0.0044348121446576025,9,1,126,5,5,,0,0,0.744,0,"[[909,91,0,0,0],[106,813,81,0,0],[0,61,854,84,1],[0,0,68,744,188],[0,0,0,85,915]]",0.909,0.813,0.854,0.744,0.915
B,B,10,100,100,1000,24,0.8702,0.886,0.34046106265554654,4,16,0.0032354974541068887,9,1,126,5,5,,0,0,0.823,0,"[[940,60,0,0,0],[142,823,35,0,0],[0,83,847,70,0],[0,0,53,834,113],[0,0,0,93,907]]",0.94,0.823,0.847,0.834,0.907
B,B,10,100,100,1000,25,0.872,0.866,0.3580157527527217,3,16,0.004314400801571235,13,1,118,5,5,,0,0,0.84,0,"[[922,78,0,0,0],[112,840,48,0,0],[0,69,842,88,1],[0,0,36,851,113],[0,0,0,95,905]]",0.922,0.84,0.842,0.851,0.905
B,B,10,100,100,1000,26,0.419,0.404,1.2159900683593088,1,80,0.0006471772220758977,4,1,132,5,5,,0,0,0.0,1,"[[951,49,0,0,0],[840,157,0,3,0],[224,169,221,330,56],[0,0,231,766,3],[0,0,504,496,0]]",0.951,0.157,0.221,0.766,0.0
B,B,10,100,100,1000,27,0.8696,0.882,0.33856361276699354,1,64,0.003910837752395051,7,1,231,5,5,,0,0,0.811,0,"[[894,106,0,0,0],[100,848,52,0,0],[2,54,874,70,0],[0,0,72,811,117],[0,0,0,79,921]]",0.894,0.848,0.874,0.811,0.921
B,B,10,100,100,1000,28,0.8532,0.872,0.3213756146631307,3,16,0.004788777766547218,0,1,94,5,5,,0,0,0.784,0,"[[854,146,0,0,0],[65,841,94,0,0],[0,45,875,80,0],[0,0,58,784,158],[0,0,0,88,912]]",0.854,0.841,0.875,0.784,0.912
B,B,10,100,100,1000,29,0.8738,0.882,0.32278433599324485,2,32,0.0065844781360148074,8,1,107,5,5,,0,0,0.842,0,"[[919,81,0,0,0],[102,846,52,0,0],[0,93,842,65,0],[0,0,40,855,105],[0,0,0,93,907]]",0.919,0.846,0.842,0.855,0.907
B,B,10,100,100,1000,30,0.8734,0.884,0.3064559653987131,2,16,0.005213902661162429,13,1,107,5,5,,0,0,0.845,0,"[[920,80,0,0,0],[81,881,38,0,0],[0,78,845,77,0],[0,0,72,857,71],[0,0,0,136,864]]",0.92,0.881,0.845,0.857,0.864
B,B,10,100,100,1000,31,0.8816,0.898,0.32886685917017594,1,32,0.009045562491737031,19,1,86,5,5,,0,0,0.827,0,"[[939,61,0,0,0],[95,840,65,0,0],[0,55,870,75,0],[0,0,56,827,117],[0,0,0,68,932]]",0.939,0.84,0.87,0.827,0.932
B,B,10,100,100,1000,32,0.8752,0.882,0.320034375401277,2,16,0.009798708672623816,2,1,94,5,5,,0,0,0.818,0,"[[923,77,0,0,0],[84,829,87,0,0],[0,69,849,82,0],[0,0,38,818,144],[0,0,0,43,957]]",0.923,0.829,0.849,0.818,0.957
B,B,10,100,100,1000,33,0.823,0.868,0.5002516272965387,1,32,0.0020195934150220806,13,1,114,5,5,,0,0,0.723,0,"[[942,58,0,0,0],[221,723,56,0,0],[2,106,794,98,0],[0,0,75,752,173],[0,0,0,96,904]]",0.942,0.723,0.794,0.752,0.904
B,B,10,100,100,1000,34,0.8678,0.876,0.34190796185712147,1,64,0.009470867271019765,13,1,177,5,5,,0,0,0.827,0,"[[912,88,0,0,0],[110,833,57,0,0],[0,56,859,85,0],[0,0,53,827,120],[0,0,0,92,908]]",0.912,0.833,0.859,0.827,0.908
B,B,10,100,100,1000,35,0.8562,0.856,0.40330521834102173,2,16,0.002228013142752299,5,1,148,5,5,,0,0,0.794,0,"[[914,86,0,0,0],[133,835,32,0,0],[0,147,794,59,0],[0,0,58,807,135],[0,0,0,69,931]]",0.914,0.835,0.794,0.807,0.931
B,B,10,100,100,1000,36,0.8618,0.898,0.2761550608429796,1,16,0.004443083128354686,12,1,169,5,5,,0,0,0.814,0,"[[903,97,0,0,0],[113,845,42,0,0],[0,111,814,75,0],[0,0,55,823,122],[0,0,0,76,924]]",0.903,0.845,0.814,0.823,0.924
B,B,10,100,100,1000,37,0.8686,0.882,0.34156529019773985,3,16,0.00560987705833369,6,1,99,5,5,,0,0,0.813,0,"[[908,92,0,0,0],[116,813,71,0,0],[0,48,880,72,0],[0,0,53,856,91],[0,0,1,113,886]]",0.908,0.813,0.88,0.856,0.886
B,B,10,100,100,1000,38,0.8754,0.872,0.3285648553989217,2,16,0.005906561421317169,12,1,100,5,5,,0,0,0.835,0,"[[894,106,0,0,0],[88,875,37,0,0],[0,83,846,71,0],[0,0,40,835,125],[0,0,0,73,927]]",0.894,0.875,0.846,0.835,0.927
B,B,10,100,100,1000,39,0.8824,0.876,0.3332198731484041,1,32,0.008389524414231133,5,1,114,5,5,,0,0,0.831,0,"[[948,52,0,0,0],[126,831,43,0,0],[2,77,863,58,0],[0,0,62,838,100],[0,0,0,68,932]]",0.948,0.831,0.863,0.838,0.932
B,B,10,100,100,1000,40,0.866,0.888,0.3638532123857958,2,16,0.0016631358682528687,17,1,208,5,5,,0,0,0.807,0,"[[933,67,0,0,0],[140,828,32,0,0],[0,89,807,104,0],[0,0,46,822,132],[0,0,0,60,940]]",0.933,0.828,0.807,0.822,0.94
B,B,10,100,100,1000,41,0.8462,0.85,0.44636088949786673,1,48,0.003231568913928,14,1,127,5,5,,0,0,0.759,0,"[[926,74,0,0,0],[192,759,49,0,0],[4,93,802,101,0],[0,0,43,825,132],[0,0,0,81,919]]",0.926,0.759,0.802,0.825,0.919
B,B,10,100,100,1000,42,0.3524,0.358,1.0913714198384359,4,48,0.00885251490954021,1,1,93,5,2,2;3;4,1,0,0.0,3,"[[960,40,0,0,0],[198,802,0,0,0],[0,1000,0,0,0],[0,1000,0,0,0],[0,1000,0,0,0]]",0.96,0.802,0.0,0.0,0.0
B,B,10,100,100,1000,43,0.8686,0.888,0.30809567121382275,3,16,0.009214093566630515,13,1,82,5,5,,0,0,0.817,0,"[[896,104,0,0,0],[89,817,94,0,0],[0,51,854,95,0],[0,0,38,875,87],[0,0,0,99,901]]",0.896,0.817,0.854,0.875,0.901
B,B,10,100,100,1000,44,0.8744,0.878,0.31628295791523875,1,48,0.008293532545483795,17,1,120,5,5,,0,0,0.836,0,"[[918,82,0,0,0],[118,836,46,0,0],[0,89,841,70,0],[0,0,54,837,109],[0,0,0,60,940]]",0.918,0.836,0.841,0.837,0.94
B,B,10,100,100,1000,45,0.8454,0.844,0.4277827568920376,2,48,0.005108419039412668,10,1,151,5,5,,0,0,0.706,0,"[[931,68,1,0,0],[132,809,59,0,0],[0,79,869,49,3],[0,0,75,706,219],[0,0,0,88,912]]",0.931,0.809,0.869,0.706,0.912
B,B,10,100,100,1000,46,0.8478,0.9,0.30565767718409054,3,16,0.00182052191414193,0,1,192,5,5,,0,0,0.78,0,"[[930,70,0,0,0],[167,787,46,0,0],[0,96,833,71,0],[0,1,53,780,166],[0,0,0,91,909]]",0.93,0.787,0.833,0.78,0.909
B,B,10,100,100,1000,47,0.8692,0.86,0.39088312574093687,2,16,0.0016135788752583734,0,1,187,5,5,,0,0,0.84,0,"[[852,148,0,0,0],[86,873,41,0,0],[0,64,840,96,0],[0,0,47,858,95],[0,0,0,77,923]]",0.852,0.873,0.84,0.858,0.923
B,B,10,100,100,1000,48,0.8496,0.868,0.34964951002945605,3,16,0.009341703348550444,11,1,128,5,5,,0,0,0.811,0,"[[869,131,0,0,0],[121,811,68,0,0],[0,62,860,78,0],[0,0,50,831,119],[0,0,0,123,877]]",0.869,0.811,0.86,0.831,0.877
B,B,10,100,100,1000,49,0.8658,0.872,0.3411174966807741,2,16,0.002121923798213316,10,1,154,5,5,,0,0,0.828,0,"[[921,79,0,0,0],[96,834,70,0,0],[0,72,864,64,0],[0,0,56,828,116],[0,0,0,118,882]]",0.921,0.834,0.864,0.828,0.882
B,B,10,1000,1000,1000,0,0.8868,0.892,0.2769969282134436,1,32,0.004690138572756563,1,1,104,5,5,,0,0,0.841,0,"[[901,99,0,0,0],[67,900,33,0,0],[0,81,841,78,0],[0,0,37,874,89],[0,0,0,82,918]]",0.901,0.9,0.841,0.874,0.918
B,B,10,1000,1000,1000,1,0.8932,0.8884,0.287307318050238,1,48,0.0021202885554825798,17,1,98,5,5,,0,0,0.854,0,"[[920,80,0,0,0],[70,889,41,0,0],[0,56,882,62,0],[0,0,58,854,88],[0,0,0,79,921]]",0.92,0.889,0.882,0.854,0.921
B,B,10,1000,1000,1000,2,0.8958,0.8942,0.27840133969444986,1,48,0.009095921311749008,19,1,56,5,5,,0,0,0.869,0,"[[930,70,0,0,0],[80,869,51,0,0],[0,66,873,61,0],[0,0,39,889,72],[0,0,0,82,918]]",0.93,0.869,0.873,0.889,0.918
B,B,10,1000,1000,1000,3,0.8876,0.8918,0.28248854821885916,3,16,0.002413250563906106,7,1,107,5,5,,0,0,0.861,0,"[[905,95,0,0,0],[76,879,45,0,0],[0,69,864,67,0],[0,0,45,861,94],[0,0,0,71,929]]",0.905,0.879,0.864,0.861,0.929
B,B,10,1000,1000,1000,4,0.8934,0.892,0.2830558841738856,1,16,0.008359456892210146,4,1,55,5,5,,0,0,0.859,0,"[[938,62,0,0,0],[84,879,37,0,0],[0,62,859,79,0],[0,0,32,860,108],[0,0,0,69,931]]",0.938,0.879,0.859,0.86,0.931
B,B,10,1000,1000,1000,5,0.889,0.887,0.28639941830605675,2,32,0.009991879993788096,4,1,38,5,5,,0,0,0.842,0,"[[900,100,0,0,0],[57,898,45,0,0],[0,86,842,72,0],[0,0,43,878,79],[0,0,0,73,927]]",0.9,0.898,0.842,0.878,0.927
B,B,10,1000,1000,1000,6,0.8854,0.8922,0.2938790805396774,1,48,0.003276879962283731,13,1,51,5,5,,0,0,0.863,0,"[[910,90,0,0,0],[73,882,45,0,0],[0,76,863,61,0],[0,0,44,880,76],[0,0,0,108,892]]",0.91,0.882,0.863,0.88,0.892
B,B,10,1000,1000,1000,7,0.8882,0.8934,0.2861629966032374,3,32,0.007894274867687899,7,1,77,5,5,,0,0,0.857,0,"[[913,87,0,0,0],[92,872,36,0,0],[0,72,857,71,0],[0,0,43,877,80],[0,0,0,78,922]]",0.913,0.872,0.857,0.877,0.922
B,B,10,1000,1000,1000,8,0.8868,0.8962,0.2676271654177614,2,16,0.0036486108622721144,12,1,133,5,5,,0,0,0.858,0,"[[925,75,0,0,0],[90,870,40,0,0],[0,69,858,73,0],[0,0,49,881,70],[0,0,0,100,900]]",0.925,0.87,0.858,0.881,0.9
B,B,10,1000,1000,1000,9,0.8856,0.8902,0.279698276975798,3,16,0.003398214100592903,4,1,55,5,5,,0,0,0.829,0,"[[913,87,0,0,0],[83,892,25,0,0],[0,95,829,76,0],[0,0,36,865,99],[0,0,0,71,929]]",0.913,0.892,0.829,0.865,0.929
B,B,10,1000,1000,1000,10,0.887,0.888,0.2947004101179774,3,16,0.009473060506515266,1,1,34,5,5,,0,0,0.86,0,"[[909,91,0,0,0],[68,885,47,0,0],[0,83,860,57,0],[0,0,47,893,60],[0,0,0,112,888]]",0.909,0.885,0.86,0.893,0.888
B,B,10,1000,1000,1000,11,0.8912,0.8926,0.29431080487822775,4,16,0.004391020643603032,19,1,83,5,5,,0,0,0.851,0,"[[947,53,0,0,0],[85,876,39,0,0],[0,74,851,75,0],[0,0,45,885,70],[0,0,0,103,897]]",0.947,0.876,0.851,0.885,0.897
B,B,10,1000,1000,1000,12,0.8852,0.89,0.3022876389919236,4,16,0.0028602638040436915,11,1,182,5,5,,0,0,0.854,0,"[[929,71,0,0,0],[95,854,51,0,0],[0,77,858,65,0],[0,0,47,877,76],[0,0,0,92,908]]",0.929,0.854,0.858,0.877,0.908
B,B,10,1000,1000,1000,13,0.8896,0.9016,0.268582221154902,1,48,0.005102762496721371,12,1,128,5,5,,0,0,0.865,0,"[[915,85,0,0,0],[77,884,39,0,0],[0,78,873,49,0],[0,0,55,865,80],[0,0,0,89,911]]",0.915,0.884,0.873,0.865,0.911
B,B,10,1000,1000,1000,14,0.888,0.8954,0.2815394351650889,3,16,0.005922358747237533,8,1,53,5,5,,0,0,0.857,0,"[[934,66,0,0,0],[86,867,47,0,0],[0,63,857,80,0],[0,0,49,882,69],[0,0,0,100,900]]",0.934,0.867,0.857,0.882,0.9
B,B,10,1000,1000,1000,15,0.8902,0.893,0.29573409256153177,1,16,0.0013719471876377542,3,1,127,5,5,,0,0,0.859,0,"[[925,75,0,0,0],[98,859,43,0,0],[0,74,869,57,0],[0,0,34,882,84],[0,0,0,84,916]]",0.925,0.859,0.869,0.882,0.916
B,B,10,1000,1000,1000,16,0.8856,0.8888,0.2972181376610173,3,32,0.003612015362769511,2,1,104,5,5,,0,0,0.851,0,"[[909,91,0,0,0],[90,867,43,0,0],[0,71,851,78,0],[0,0,48,882,70],[0,0,0,81,919]]",0.909,0.867,0.851,0.882,0.919
B,B,10,1000,1000,1000,17,0.8808,0.8862,0.2905113566331904,1,64,0.007720405585084597,16,1,69,5,5,,0,0,0.842,0,"[[911,89,0,0,0],[81,863,56,0,0],[0,71,861,68,0],[0,0,39,842,119],[0,0,0,73,927]]",0.911,0.863,0.861,0.842,0.927
B,B,10,1000,1000,1000,18,0.8844,0.8848,0.2950795700223488,3,32,0.008928335284157311,13,1,92,5,5,,0,0,0.86,0,"[[914,86,0,0,0],[69,890,41,0,0],[0,79,860,61,0],[0,0,50,873,77],[0,0,0,115,885]]",0.914,0.89,0.86,0.873,0.885
B,B,10,1000,1000,1000,19,0.884,0.8894,0.3009500236571092,2,16,0.0022076367858438846,2,1,41,5,5,,0,0,0.86,0,"[[916,84,0,0,0],[83,865,52,0,0],[0,73,873,54,0],[0,0,76,860,64],[0,0,0,94,906]]",0.916,0.865,0.873,0.86,0.906
B,B,10,1000,1000,1000,20,0.8896,0.8996,0.2670373056520949,1,32,0.008556792644450644,8,1,111,5,5,,0,0,0.85,0,"[[925,75,0,0,0],[70,873,57,0,0],[0,59,850,91,0],[0,0,51,859,90],[0,0,0,59,941]]",0.925,0.873,0.85,0.859,0.941
B,B,10,1000,1000,1000,21,0.8846,0.891,0.291888966151575,2,32,0.0036396818978593356,7,1,89,5,5,,0,0,0.841,0,"[[919,81,0,0,0],[105,844,51,0,0],[0,60,893,47,0],[0,0,50,841,109],[0,0,0,74,926]]",0.919,0.844,0.893,0.841,0.926
B,B,10,1000,1000,1000,22,0.8928,0.894,0.28070932928500203,2,16,0.004744230834448547,6,1,88,5,5,,0,0,0.84,0,"[[930,70,0,0,0],[82,892,26,0,0],[0,81,840,79,0],[0,0,28,879,93],[0,0,0,77,923]]",0.93,0.892,0.84,0.879,0.923
B,B,10,1000,1000,1000,23,0.8836,0.885,0.3006147887964901,3,16,0.008215979922058378,7,1,34,5,5,,0,0,0.853,0,"[[912,88,0,0,0],[107,853,40,0,0],[0,71,864,65,0],[0,0,38,881,81],[0,0,0,92,908]]",0.912,0.853,0.864,0.881,0.908
B,B,10,1000,1000,1000,24,0.8872,0.9012,0.27488597348957905,2,16,0.00536018143854381,6,1,62,5,5,,0,0,0.856,0,"[[922,78,0,0,0],[94,866,40,0,0],[0,65,856,79,0],[0,0,28,891,81],[0,0,0,99,901]]",0.922,0.866,0.856,0.891,0.901
B,B,10,1000,1000,1000,25,0.8914,0.895,0.27036152706391986,2,16,0.00516832235372045,4,1,45,5,5,,0,0,0.862,0,"[[926,74,0,0,0],[91,862,47,0,0],[0,69,878,53,0],[0,0,58,864,78],[0,0,0,73,927]]",0.926,0.862,0.878,0.864,0.927
B,B,10,1000,1000,1000,26,0.8786,0.8786,0.32792478715232787,1,80,0.007978727666302796,5,1,35,5,5,,0,0,0.851,0,"[[905,95,0,0,0],[103,851,46,0,0],[0,75,855,70,0],[0,0,50,859,91],[0,0,0,77,923]]",0.905,0.851,0.855,0.859,0.923
B,B,10,1000,1000,1000,27,0.8838,0.8908,0.2893817163799055,2,16,0.009658619768159345,11,1,34,5,5,,0,0,0.841,0,"[[937,63,0,0,0],[114,857,29,0,0],[0,70,841,89,0],[0,0,37,887,76],[0,0,0,103,897]]",0.937,0.857,0.841,0.887,0.897
B,B,10,1000,1000,1000,28,0.8946,0.8982,0.2741507611818135,3,32,0.004319212095656036,0,1,89,5,5,,0,0,0.866,0,"[[933,67,0,0,0],[67,884,49,0,0],[0,61,866,73,0],[0,0,45,888,67],[0,0,0,98,902]]",0.933,0.884,0.866,0.888,0.902
B,B,10,1000,1000,1000,29,0.891,0.8892,0.2835230804065506,2,32,0.005608033534896765,16,1,126,5,5,,0,0,0.85,0,"[[940,60,0,0,0],[102,856,42,0,0],[0,73,850,77,0],[0,0,47,880,73],[0,0,0,71,929]]",0.94,0.856,0.85,0.88,0.929
B,B,10,1000,1000,1000,30,0.8876,0.8992,0.267682691790171,2,16,0.003875715916522701,1,1,59,5,5,,0,0,0.845,0,"[[936,64,0,0,0],[103,865,32,0,0],[0,85,845,70,0],[0,0,39,860,101],[0,0,0,68,932]]",0.936,0.865,0.845,0.86,0.932
B,B,10,1000,1000,1000,31,0.8816,0.8784,0.337966554047899,2,64,0.005964344545575775,8,1,92,5,5,,0,0,0.836,0,"[[911,89,0,0,0],[115,836,49,0,0],[0,63,841,96,0],[0,0,46,894,60],[0,0,0,74,926]]",0.911,0.836,0.841,0.894,0.926
B,B,10,1000,1000,1000,32,0.888,0.8896,0.29406641795114247,2,48,0.009877467281072298,9,1,120,5,5,,0,0,0.87,0,"[[893,107,0,0,0],[63,898,39,0,0],[0,61,883,56,0],[0,0,52,870,78],[0,0,0,104,896]]",0.893,0.898,0.883,0.87,0.896
B,B,10,1000,1000,1000,33,0.8872,0.8936,0.276904565706081,2,16,0.003794283054556486,14,1,41,5,5,,0,0,0.834,0,"[[936,64,0,0,0],[102,857,41,0,0],[0,70,834,96,0],[0,0,27,898,75],[0,0,0,89,911]]",0.936,0.857,0.834,0.898,0.911
B,B,10,1000,1000,1000,34,0.8894,0.8922,0.28245046266401314,1,48,0.004267259399384092,12,1,122,5,5,,0,0,0.853,0,"[[929,71,0,0,0],[109,853,38,0,0],[0,68,875,57,0],[0,0,40,867,93],[0,0,0,77,923]]",0.929,0.853,0.875,0.867,0.923
B,B,10,1000,1000,1000,35,0.893,0.8898,0.2890758906010903,2,16,0.004849253728551319,10,1,136,5,5,,0,0,0.861,0,"[[896,104,0,0,0],[48,905,47,0,0],[0,65,870,65,0],[0,0,50,861,89],[0,0,0,67,933]]",0.896,0.905,0.87,0.861,0.933
B,B,10,1000,1000,1000,36,0.8884,0.8854,0.3029071579337018,1,16,0.004615034046459502,2,1,74,5,5,,0,0,0.847,0,"[[939,61,0,0,0],[91,870,39,0,0],[0,78,847,75,0],[0,0,39,896,65],[0,0,0,110,890]]",0.939,0.87,0.847,0.896,0.89
B,B,10,1000,1000,1000,37,0.8848,0.8848,0.2966098056105723,1,32,0.00572210922158082,5,1,70,5,5,,0,0,0.839,0,"[[913,87,0,0,0],[93,839,68,0,0],[0,58,871,71,0],[0,0,50,861,89],[0,0,0,60,940]]",0.913,0.839,0.871,0.861,0.94
B,B,10,1000,1000,1000,38,0.8872,0.889,0.2904483467191824,2,48,0.005411725882516295,7,1,103,5,5,,0,0,0.861,0,"[[913,87,0,0,0],[72,879,49,0,0],[0,70,861,69,0],[0,0,49,873,78],[0,0,0,90,910]]",0.913,0.879,0.861,0.873,0.91
B,B,10,1000,1000,1000,39,0.8874,0.8894,0.2811783733823853,3,16,0.002183212457749612,17,1,102,5,5,,0,0,0.861,0,"[[922,78,0,0,0],[91,861,48,0,0],[0,70,865,65,0],[0,0,44,867,89],[0,0,0,78,922]]",0.922,0.861,0.865,0.867,0.922
B,B,10,1000,1000,1000,40,0.8928,0.8914,0.2841677283013345,1,48,0.004501626929975347,8,1,130,5,5,,0,0,0.852,0,"[[947,53,0,0,0],[98,852,50,0,0],[0,65,866,69,0],[0,0,60,868,72],[0,0,0,69,931]]",0.947,0.852,0.866,0.868,0.931
B,B,10,1000,1000,1000,41,0.8898,0.8982,0.27964668091443184,1,48,0.008110920104801453,15,1,139,5,5,,0,0,0.832,0,"[[945,55,0,0,0],[100,853,47,0,0],[0,64,876,60,0],[0,0,64,832,104],[0,0,0,57,943]]",0.945,0.853,0.876,0.832,0.943
B,B,10,1000,1000,1000,42,0.8896,0.8978,0.27552923372868,3,32,0.0027534121255848964,2,1,156,5,5,,0,0,0.863,0,"[[926,74,0,0,0],[72,879,49,0,0],[0,78,863,59,0],[0,0,46,889,65],[0,0,0,109,891]]",0.926,0.879,0.863,0.889,0.891
B,B,10,1000,1000,1000,43,0.8936,0.8972,0.27855274809445646,2,32,0.009201701614294474,1,1,76,5,5,,0,0,0.856,0,"[[929,71,0,0,0],[57,895,48,0,0],[0,73,856,71,0],[0,0,44,875,81],[0,0,0,87,913]]",0.929,0.895,0.856,0.875,0.913
B,B,10,1000,1000,1000,44,0.8792,0.8786,0.323092054370292,2,48,0.007311622443422605,11,1,38,5,5,,0,0,0.836,0,"[[934,66,0,0,0],[104,836,60,0,0],[0,74,856,70,0],[0,0,47,848,105],[0,0,0,78,922]]",0.934,0.836,0.856,0.848,0.922
B,B,10,1000,1000,1000,45,0.6004,0.601,0.889977782761076,3,64,0.008611617747686878,5,1,107,5,4,1,1,0,0.0,1,"[[1000,0,0,0,0],[999,0,1,0,0],[320,0,396,284,0],[0,0,11,621,368],[0,0,0,15,985]]",1.0,0.0,0.396,0.621,0.985
B,B,10,1000,1000,1000,46,0.8918,0.8964,0.2704014191804803,2,16,0.002985915627298457,9,1,109,5,5,,0,0,0.845,0,"[[951,49,0,0,0],[122,845,33,0,0],[0,62,853,85,0],[0,0,30,875,95],[0,0,0,65,935]]",0.951,0.845,0.853,0.875,0.935
B,B,10,1000,1000,1000,47,0.8866,0.8886,0.30756846930984066,3,32,0.004205351000005527,14,1,67,5,5,,0,0,0.856,0,"[[923,77,0,0,0],[95,864,41,0,0],[0,69,856,75,0],[0,0,48,868,84],[0,0,0,78,922]]",0.923,0.864,0.856,0.868,0.922
B,B,10,1000,1000,1000,48,0.8914,0.8956,0.2660139760708854,1,32,0.0031309331199406215,17,1,127,5,5,,0,0,0.848,0,"[[905,95,0,0,0],[66,897,37,0,0],[0,80,848,72,0],[0,0,50,866,84],[0,0,0,59,941]]",0.905,0.897,0.848,0.866,0.941
B,B,10,1000,1000,1000,49,0.8898,0.8784,0.3048181076142597,3,16,0.0015925373707796277,19,1,102,5,5,,0,0,0.839,0,"[[934,66,0,0,0],[118,839,43,0,0],[0,62,875,63,0],[0,0,51,873,76],[0,0,0,72,928]]",0.934,0.839,0.875,0.873,0.928
B,B,100,100,100,1000,0,0.8646,0.86,0.3656312401976112,1,32,0.007670731606491245,1,1,164,5,5,,0,0,0.804,0,"[[930,70,0,0,0],[149,804,47,0,0],[0,85,842,73,0],[0,0,51,865,84],[0,0,0,118,882]]",0.93,0.804,0.842,0.865,0.882
B,B,100,100,100,1000,1,0.8514,0.86,0.3897597781286997,1,80,0.008109805948441521,17,1,111,5,5,,0,0,0.757,0,"[[905,95,0,0,0],[124,831,45,0,0],[1,72,865,62,0],[0,0,98,757,145],[0,0,0,101,899]]",0.905,0.831,0.865,0.757,0.899
B,B,100,100,100,1000,2,0.4986,0.494,1.2525971877575997,1,96,0.004060888431390327,1,1,10,5,5,,0,0,0.036,0,"[[989,9,0,0,2],[938,47,0,1,14],[268,124,36,279,293],[0,0,1,545,454],[0,0,0,124,876]]",0.989,0.047,0.036,0.545,0.876
B,B,100,100,100,1000,3,0.8596,0.876,0.3328505692731322,3,16,0.003527853055898924,10,1,135,5,5,,0,0,0.815,0,"[[890,110,0,0,0],[118,847,35,0,0],[0,76,842,82,0],[0,0,73,815,112],[0,0,0,96,904]]",0.89,0.847,0.842,0.815,0.904
B,B,100,100,100,1000,4,0.8712,0.89,0.3369527413275624,2,32,0.004449768508733728,14,1,146,5,5,,0,0,0.822,0,"[[891,109,0,0,0],[97,822,81,0,0],[0,54,878,68,0],[0,0,68,843,89],[0,0,0,78,922]]",0.891,0.822,0.878,0.843,0.922
B,B,100,100,100,1000,5,0.4986,0.482,1.204837160230119,1,64,0.0024260951244494825,10,1,12,5,5,,0,0,0.001,0,"[[997,0,3,0,0],[982,1,12,5,0],[315,22,187,258,218],[0,0,1,474,525],[0,0,0,166,834]]",0.997,0.001,0.187,0.474,0.834
B,B,100,100,100,1000,6,0.8574,0.874,0.34962288234184746,2,48,0.004171424826551719,7,1,205,5,5,,0,0,0.786,0,"[[920,80,0,0,0],[154,786,60,0,0],[0,68,860,72,0],[0,0,37,812,151],[0,0,0,91,909]]",0.92,0.786,0.86,0.812,0.909
B,B,100,100,100,1000,7,0.2,0.2,1.6094379124340998,4,80,0.008200977044281176,3,1,1,5,1,1;2;3;4,1,1,0.0,4,"[[1000,0,0,0,0],[1000,0,0,0,0],[1000,0,0,0,0],[1000,0,0,0,0],[1000,0,0,0,0]]",1.0,0.0,0.0,0.0,0.0
B,B,100,100,100,1000,8,0.8448,0.896,0.340409313111525,2,32,0.003303041402437232,2,1,157,5,5,,0,0,0.797,0,"[[908,92,0,0,0],[155,797,48,0,0],[0,85,814,101,0],[0,0,45,809,146],[0,0,0,104,896]]",0.908,0.797,0.814,0.809,0.896
B,B,100,100,100,1000,9,0.844,0.848,0.4105847382216049,1,16,0.0034930328166855877,9,1,306,5,5,,0,0,0.768,0,"[[917,83,0,0,0],[145,788,67,0,0],[0,77,847,76,0],[0,0,68,768,164],[0,0,0,100,900]]",0.917,0.788,0.847,0.768,0.9
B,B,100,100,100,1000,10,0.8502,0.868,0.3643146803484825,1,64,0.007911602568223956,9,1,164,5,5,,0,0,0.809,0,"[[899,101,0,0,0],[137,829,34,0,0],[1,85,812,100,2],[0,0,53,809,138],[0,0,0,98,902]]",0.899,0.829,0.812,0.809,0.902
B,B,100,100,100,1000,11,0.425,0.446,1.4154958867353096,1,64,0.0019084346213926503,9,1,20,5,4,4,1,0,0.0,1,"[[863,97,38,2,0],[698,102,194,6,0],[129,97,589,185,0],[0,0,429,571,0],[0,0,100,900,0]]",0.863,0.102,0.589,0.571,0.0
B,B,100,100,100,1000,12,0.5218,0.552,0.997741629402157,1,32,0.0005517342306579321,5,1,115,5,5,,0,0,0.023,0,"[[990,10,0,0,0],[759,236,0,5,0],[253,212,23,414,98],[0,4,5,508,483],[0,0,0,148,852]]",0.99,0.236,0.023,0.508,0.852
B,B,100,100,100,1000,13,0.8588,0.856,0.3669547727821533,1,32,0.008690666653917298,0,1,123,5,5,,0,0,0.82,0,"[[873,127,0,0,0],[145,820,35,0,0],[0,96,820,84,0],[0,0,30,879,91],[0,0,0,98,902]]",0.873,0.82,0.82,0.879,0.902
B,B,100,100,100,1000,14,0.858,0.872,0.38107239951823035,1,80,0.008668040895098471,6,1,116,5,5,,0,0,0.782,0,"[[925,75,0,0,0],[129,782,89,0,0],[1,72,845,82,0],[0,0,55,814,131],[0,0,0,76,924]]",0.925,0.782,0.845,0.814,0.924
B,B,100,100,100,1000,15,0.8596,0.89,0.330765033454431,1,32,0.006878171458244337,19,1,136,5,5,,0,0,0.819,0,"[[890,110,0,0,0],[118,819,63,0,0],[1,72,836,91,0],[0,0,43,828,129],[0,0,0,75,925]]",0.89,0.819,0.836,0.828,0.925
B,B,100,100,100,1000,16,0.8486,0.848,0.37205716753642554,1,64,0.00613839090114801,6,1,190,5,5,,0,0,0.812,0,"[[866,134,0,0,0],[131,824,45,0,0],[3,78,812,106,1],[0,0,48,829,123],[0,0,0,88,912]]",0.866,0.824,0.812,0.829,0.912
B,B,100,100,100,1000,17,0.5268,0.53,1.0607209396908996,1,32,0.00027663139891017546,12,1,438,5,5,,0,0,0.004,0,"[[4,983,13,0,0],[3,909,86,1,1],[4,277,265,259,195],[0,0,3,531,466],[0,0,0,75,925]]",0.004,0.909,0.265,0.531,0.925
B,B,100,100,100,1000,18,0.8342,0.832,0.4369388526799159,1,32,0.0019799282611315683,0,1,327,5,5,,0,0,0.773,0,"[[905,95,0,0,0],[181,773,46,0,0],[4,79,846,70,1],[0,0,52,802,146],[0,0,0,155,845]]",0.905,0.773,0.846,0.802,0.845
B,B,100,100,100,1000,19,0.873,0.868,0.31921282780406157,1,32,0.009582205655808513,10,1,193,5,5,,0,0,0.821,0,"[[913,87,0,0,0],[77,871,52,0,0],[0,92,821,87,0],[0,0,41,864,95],[0,0,0,104,896]]",0.913,0.871,0.821,0.864,0.896
B,B,100,100,100,1000,20,0.4066,0.418,1.261045209710456,1,64,0.001633364017599466,10,1,16,5,4,2,1,0,0.0,1,"[[773,227,0,0,0],[742,257,0,0,1],[165,243,0,183,409],[0,0,0,101,899],[0,0,0,98,902]]",0.773,0.257,0.0,0.101,0.902
B,B,100,100,100,1000,21,0.8612,0.868,0.36115257082425956,1,32,0.007407694481145745,18,1,128,5,5,,0,0,0.796,0,"[[883,117,0,0,0],[94,869,37,0,0],[0,74,852,74,0],[0,0,64,796,140],[0,0,1,93,906]]",0.883,0.869,0.852,0.796,0.906
B,B,100,100,100,1000,22,0.8464,0.858,0.41130233897793017,1,80,0.007533502667194013,11,1,94,5,5,,0,0,0.778,0,"[[940,60,0,0,0],[178,778,44,0,0],[0,108,826,66,0],[0,0,87,778,135],[0,0,0,90,910]]",0.94,0.778,0.826,0.778,0.91
B,B,100,100,100,1000,23,0.416,0.426,1.469908171886932,3,48,0.0038575751004947937,11,1,14,5,5,,0,0,0.006,0,"[[660,340,0,0,0],[561,407,0,10,22],[186,120,7,151,536],[0,0,0,6,994],[0,0,0,0,1000]]",0.66,0.407,0.007,0.006,1.0
B,B,100,100,100,1000,24,0.8504,0.848,0.3820636522200265,3,16,0.0066580330839996595,1,1,102,5,5,,0,0,0.76,0,"[[930,70,0,0,0],[177,760,63,0,0],[0,66,850,84,0],[0,0,66,821,113],[0,0,0,109,891]]",0.93,0.76,0.85,0.821,0.891
B,B,100,100,100,1000,25,0.4182,0.414,1.4482877160333165,1,112,0.005313683685506713,16,1,1,5,5,,0,0,0.0,2,"[[1000,0,0,0,0],[1000,0,0,0,0],[504,2,104,345,45],[0,0,13,987,0],[0,0,0,1000,0]]",1.0,0.0,0.104,0.987,0.0
B,B,100,100,100,1000,26,0.8626,0.864,0.3703129797548129,1,48,0.002316155936465378,18,1,309,5,5,,0,0,0.827,0,"[[918,82,0,0,0],[129,833,38,0,0],[0,75,830,95,0],[0,0,54,827,119],[0,0,0,95,905]]",0.918,0.833,0.83,0.827,0.905
B,B,100,100,100,1000,27,0.862,0.872,0.36370588117370156,2,32,0.006077071402466357,0,1,114,5,5,,0,0,0.8,0,"[[935,65,0,0,0],[122,842,36,0,0],[0,79,840,80,1],[0,0,52,800,148],[0,0,0,107,893]]",0.935,0.842,0.84,0.8,0.893
B,B,100,100,100,1000,28,0.491,0.486,1.5526476765145012,3,48,0.003844807993621101,1,1,22,5,5,,0,0,0.0,1,"[[1000,0,0,0,0],[986,5,6,1,2],[269,10,500,9,212],[0,0,185,0,815],[0,0,50,0,950]]",1.0,0.005,0.5,0.0,0.95
B,B,100,100,100,1000,29,0.8648,0.868,0.37788209985729665,1,32,0.00979599480370429,4,1,71,5,5,,0,0,0.823,0,"[[907,93,0,0,0],[114,839,47,0,0],[0,74,833,93,0],[0,0,29,823,148],[0,0,0,78,922]]",0.907,0.839,0.833,0.823,0.922
B,B,100,100,100,1000,30,0.8638,0.816,0.41112848110958805,1,32,0.005013630229045569,6,1,134,5,5,,0,0,0.802,0,"[[938,62,0,0,0],[133,802,65,0,0],[0,61,819,119,1],[0,0,36,836,128],[0,0,0,76,924]]",0.938,0.802,0.819,0.836,0.924
B,B,100,100,100,1000,31,0.4488,0.452,1.403052414674171,3,32,0.007092563484968793,4,1,7,5,4,3,1,0,0.0,2,"[[1000,0,0,0,0],[997,0,3,0,0],[470,40,244,0,246],[1,0,66,0,933],[0,0,0,0,1000]]",1.0,0.0,0.244,0.0,1.0
B,B,100,100,100,1000,32,0.8644,0.88,0.34331674749706287,2,16,0.009892978282930414,6,1,106,5,5,,0,0,0.836,0,"[[877,123,0,0,0],[91,856,53,0,0],[0,74,836,90,0],[0,0,54,870,76],[0,0,0,117,883]]",0.877,0.856,0.836,0.87,0.883
B,B,100,100,100,1000,33,0.8646,0.866,0.36450213266128,1,16,0.007852044762298581,17,1,141,5,5,,0,0,0.836,0,"[[892,108,0,0,0],[108,836,56,0,0],[0,73,841,86,0],[0,0,47,845,108],[0,0,0,91,909]]",0.892,0.836,0.841,0.845,0.909
B,B,100,100,100,1000,34,0.4946,0.484,1.2968768549389225,1,96,0.004504081775684607,7,1,14,5,5,,0,0,0.004,0,"[[973,27,0,0,0],[736,257,7,0,0],[295,149,278,50,228],[1,1,228,4,766],[0,0,39,0,961]]",0.973,0.257,0.278,0.004,0.961
B,B,100,100,100,1000,35,0.4824,0.49,1.3976156171288985,3,32,0.0024524662212960092,8,1,15,5,5,,0,0,0.016,0,"[[1000,0,0,0,0],[983,16,0,1,0],[336,102,290,205,67],[0,2,140,508,350],[0,0,40,362,598]]",1.0,0.016,0.29,0.508,0.598
B,B,100,100,100,1000,36,0.8572,0.862,0.4058873409794299,1,16,0.0018337011041562406,12,1,261,5,5,,0,0,0.818,0,"[[889,110,1,0,0],[114,822,64,0,0],[0,60,846,94,0],[0,0,51,818,131],[0,0,0,89,911]]",0.889,0.822,0.846,0.818,0.911
B,B,100,100,100,1000,37,0.8682,0.87,0.36951327048774396,1,48,0.004292246486262386,11,1,249,5,5,,0,0,0.833,0,"[[894,106,0,0,0],[89,854,57,0,0],[0,66,833,101,0],[0,0,28,856,116],[0,0,0,96,904]]",0.894,0.854,0.833,0.856,0.904
B,B,100,100,100,1000,38,0.839,0.86,0.40485864861178184,1,16,0.0022471245986555055,4,1,233,5,5,,0,0,0.732,0,"[[943,57,0,0,0],[211,732,57,0,0],[1,79,837,78,5],[0,0,51,791,158],[0,0,0,108,892]]",0.943,0.732,0.837,0.791,0.892
B,B,100,100,100,1000,39,0.4186,0.422,1.2826208592558697,2,16,0.0009268838095268505,19,1,9,5,5,,0,0,0.008,0,"[[999,1,0,0,0],[923,64,0,13,0],[362,337,8,113,180],[4,95,0,54,847],[0,3,0,29,968]]",0.999,0.064,0.008,0.054,0.968
B,B,100,100,100,1000,40,0.8596,0.874,0.33824794801962677,2,16,0.006724013054371964,4,1,80,5,5,,0,0,0.827,0,"[[907,93,0,0,0],[117,827,56,0,0],[1,71,837,91,0],[0,0,58,872,70],[0,0,0,145,855]]",0.907,0.827,0.837,0.872,0.855
B,B,100,100,100,1000,41,0.8552,0.85,0.408673323451733,4,16,0.006668556441370098,17,1,99,5,5,,0,0,0.817,0,"[[908,92,0,0,0],[135,817,48,0,0],[0,95,823,82,0],[0,0,54,851,95],[0,0,0,123,877]]",0.908,0.817,0.823,0.851,0.877
B,B,100,100,100,1000,42,0.8536,0.884,0.31767759952677166,1,48,0.008557529369181608,0,1,124,5,5,,0,0,0.807,0,"[[908,92,0,0,0],[116,829,55,0,0],[0,92,807,101,0],[0,0,40,833,127],[0,0,0,109,891]]",0.908,0.829,0.807,0.833,0.891
B,B,100,100,100,1000,43,0.834,0.836,0.40777880444662307,1,16,0.004039731507160646,4,1,204,5,5,,0,0,0.773,0,"[[917,83,0,0,0],[159,805,36,0,0],[0,92,798,110,0],[0,0,82,773,145],[0,0,0,123,877]]",0.917,0.805,0.798,0.773,0.877
B,B,100,100,100,1000,44,0.8634,0.894,0.2936169014898483,1,16,0.0056152400337249045,1,1,165,5,5,,0,0,0.802,0,"[[896,104,0,0,0],[115,802,83,0,0],[0,70,851,79,0],[0,0,51,858,91],[0,0,0,90,910]]",0.896,0.802,0.851,0.858,0.91
B,B,100,100,100,1000,45,0.849,0.818,0.44711189154189396,2,16,0.001933752137661411,2,1,244,5,5,,0,0,0.76,0,"[[902,98,0,0,0],[177,760,63,0,0],[1,75,846,78,0],[0,0,49,848,103],[0,0,0,111,889]]",0.902,0.76,0.846,0.848,0.889
B,B,100,100,100,1000,46,0.8538,0.892,0.3355636572373918,2,48,0.008054991232897985,1,1,131,5,5,,0,0,0.772,0,"[[899,101,0,0,0],[125,825,50,0,0],[0,77,836,87,0],[0,0,79,772,149],[0,0,0,63,937]]",0.899,0.825,0.836,0.772,0.937
B,B,100,100,100,1000,47,0.8674,0.842,0.3883831738064336,2,32,0.007349148888313039,6,1,109,5,5,,0,0,0.807,0,"[[904,96,0,0,0],[87,865,48,0,0],[0,84,840,76,0],[0,0,48,807,145],[0,0,0,79,921]]",0.904,0.865,0.84,0.807,0.921
B,B,100,100,100,1000,48,0.8272,0.846,0.4127549700286847,2,32,0.007325912552858784,5,1,63,5,5,,0,0,0.684,0,"[[928,72,0,0,0],[193,684,123,0,0],[0,59,835,105,1],[0,0,43,802,155],[0,0,0,113,887]]",0.928,0.684,0.835,0.802,0.887
B,B,100,100,100,1000,49,0.8636,0.834,0.40409705583734196,1,16,0.003440670282836842,0,1,186,5,5,,0,0,0.774,0,"[[927,73,0,0,0],[118,844,38,0,0],[0,93,833,74,0],[0,0,68,774,158],[0,0,1,59,940]]",0.927,0.844,0.833,0.774,0.94
B,B,100,1000,1000,1000,0,0.8908,0.888,0.2999959706558401,3,32,0.004862945094599139,18,1,99,5,5,,0,0,0.844,0,"[[933,67,0,0,0],[97,844,59,0,0],[0,55,867,78,0],[0,0,39,894,67],[0,0,0,84,916]]",0.933,0.844,0.867,0.894,0.916
B,B,100,1000,1000,1000,1,0.8892,0.9,0.26814682293606423,4,16,0.006512471653642696,12,1,81,5,5,,0,0,0.839,0,"[[942,58,0,0,0],[111,839,50,0,0],[0,60,874,66,0],[0,0,59,841,100],[0,0,0,50,950]]",0.942,0.839,0.874,0.841,0.95
B,B,100,1000,1000,1000,2,0.8844,0.8918,0.2814343229247772,2,48,0.007900732887436325,1,1,88,5,5,,0,0,0.867,0,"[[909,91,0,0,0],[81,869,50,0,0],[0,63,867,70,0],[0,0,34,880,86],[0,0,0,103,897]]",0.909,0.869,0.867,0.88,0.897
B,B,100,1000,1000,1000,3,0.8844,0.8928,0.2787890857910178,3,16,0.005399567642084026,3,1,71,5,5,,0,0,0.839,0,"[[925,75,0,0,0],[92,854,54,0,0],[0,69,872,59,0],[0,0,63,839,98],[0,0,0,68,932]]",0.925,0.854,0.872,0.839,0.932
B,B,100,1000,1000,1000,4,0.8936,0.8894,0.2903632569007377,3,16,0.006770076750783943,5,1,38,5,5,,0,0,0.857,0,"[[929,71,0,0,0],[91,878,31,0,0],[0,80,857,63,0],[0,0,62,876,62],[0,0,0,72,928]]",0.929,0.878,0.857,0.876,0.928
B,B,100,1000,1000,1000,5,0.878,0.8926,0.2869156676299328,1,32,0.00322639426180369,19,1,136,5,5,,0,0,0.841,0,"[[917,83,0,0,0],[100,845,55,0,0],[0,76,855,69,0],[0,0,57,841,102],[0,0,0,68,932]]",0.917,0.845,0.855,0.841,0.932
B,B,100,1000,1000,1000,6,0.8714,0.8736,0.3804439616243321,1,112,0.002514979284052612,7,1,156,5,5,,0,0,0.802,0,"[[920,80,0,0,0],[123,802,75,0,0],[0,80,838,82,0],[0,0,43,875,82],[0,0,0,78,922]]",0.92,0.802,0.838,0.875,0.922
B,B,100,1000,1000,1000,7,0.6828,0.6814,0.7789191507155236,1,128,0.0063235604881198395,10,1,39,5,5,,0,0,0.164,0,"[[974,26,0,0,0],[265,731,2,2,0],[0,354,164,353,129],[0,0,0,570,430],[0,0,0,25,975]]",0.974,0.731,0.164,0.57,0.975
B,B,100,1000,1000,1000,8,0.8948,0.8836,0.304838587803903,2,48,0.008050476634674328,11,1,66,5,5,,0,0,0.864,0,"[[902,98,0,0,0],[82,885,33,0,0],[0,60,864,76,0],[0,0,37,898,65],[0,0,0,75,925]]",0.902,0.885,0.864,0.898,0.925
B,B,100,1000,1000,1000,9,0.885,0.8796,0.3092883931973236,3,32,0.0021234947338250494,11,1,111,5,5,,0,0,0.849,0,"[[914,86,0,0,0],[85,874,41,0,0],[0,83,864,53,0],[0,0,66,849,85],[0,0,0,76,924]]",0.914,0.874,0.864,0.849,0.924
B,B,100,1000,1000,1000,10,0.8904,0.9004,0.2606814063285073,3,16,0.008732589443311652,9,1,89,5,5,,0,0,0.833,0,"[[938,62,0,0,0],[85,871,44,0,0],[0,81,833,86,0],[0,0,35,909,56],[0,0,0,99,901]]",0.938,0.871,0.833,0.909,0.901
B,B,100,1000,1000,1000,11,0.886,0.8868,0.29143958230231837,2,32,0.008238787652596695,3,1,108,5,5,,0,0,0.84,0,"[[931,69,0,0,0],[90,865,45,0,0],[0,73,840,87,0],[0,0,32,862,106],[0,0,0,68,932]]",0.931,0.865,0.84,0.862,0.932
B,B,100,1000,1000,1000,12,0.8874,0.8928,0.28488573028099934,1,32,0.005834907825768567,14,1,93,5,5,,0,0,0.843,0,"[[927,73,0,0,0],[77,873,50,0,0],[0,83,851,66,0],[0,0,48,843,109],[0,0,0,57,943]]",0.927,0.873,0.851,0.843,0.943
B,B,100,1000,1000,1000,13,0.897,0.8954,0.27615716566825016,3,16,0.006438533294347242,13,1,95,5,5,,0,0,0.869,0,"[[919,81,0,0,0],[67,890,43,0,0],[0,51,869,80,0],[0,0,36,872,92],[0,0,0,65,935]]",0.919,0.89,0.869,0.872,0.935
B,B,100,1000,1000,1000,14,0.884,0.896,0.2711873082918418,1,64,0.007670877457313531,13,1,81,5,5,,0,0,0.845,0,"[[912,88,0,0,0],[76,886,38,0,0],[0,79,845,76,0],[0,0,54,857,89],[0,0,0,80,920]]",0.912,0.886,0.845,0.857,0.92
B,B,100,1000,1000,1000,15,0.8948,0.8888,0.2911898214103757,1,16,0.005100789458349536,6,1,62,5,5,,0,0,0.86,0,"[[931,69,0,0,0],[89,860,51,0,0],[0,50,881,69,0],[0,0,44,878,78],[0,0,0,76,924]]",0.931,0.86,0.881,0.878,0.924
B,B,100,1000,1000,1000,16,0.8932,0.8934,0.2806140165842525,3,16,0.006088131980793139,15,1,86,5,5,,0,0,0.859,0,"[[938,62,0,0,0],[98,863,39,0,0],[0,68,859,73,0],[0,0,37,897,66],[0,0,0,91,909]]",0.938,0.863,0.859,0.897,0.909
B,B,100,1000,1000,1000,17,0.8848,0.8836,0.30881184307848764,1,48,0.004089744402654332,2,1,148,5,5,,0,0,0.82,0,"[[904,96,0,0,0],[62,888,50,0,0],[0,67,860,73,0],[0,0,52,820,128],[0,0,0,48,952]]",0.904,0.888,0.86,0.82,0.952
B,B,100,1000,1000,1000,18,0.885,0.8908,0.3029238778817976,1,64,0.005260763757587856,17,1,87,5,5,,0,0,0.84,0,"[[897,103,0,0,0],[78,882,40,0,0],[0,87,840,73,0],[0,0,40,879,81],[0,0,0,73,927]]",0.897,0.882,0.84,0.879,0.927
B,B,100,1000,1000,1000,19,0.8936,0.8882,0.2949898803919358,2,32,0.0055336963923675675,2,1,71,5,5,,0,0,0.832,0,"[[941,59,0,0,0],[117,832,51,0,0],[0,65,885,50,0],[0,0,46,882,72],[0,0,0,72,928]]",0.941,0.832,0.885,0.882,0.928
B,B,100,1000,1000,1000,20,0.8864,0.885,0.3011396817477219,3,32,0.004735019466208984,4,1,182,5,5,,0,0,0.844,0,"[[896,104,0,0,0],[56,886,58,0,0],[0,60,874,66,0],[0,0,58,844,98],[0,0,0,68,932]]",0.896,0.886,0.874,0.844,0.932
B,B,100,1000,1000,1000,21,0.894,0.889,0.2941297454247458,3,16,0.008579973268985899,12,1,57,5,5,,0,0,0.825,0,"[[924,76,0,0,0],[62,914,24,0,0],[0,101,825,74,0],[0,0,43,872,85],[0,0,0,65,935]]",0.924,0.914,0.825,0.872,0.935
B,B,100,1000,1000,1000,22,0.8918,0.9018,0.257337090651231,3,16,0.006646358308679976,19,1,120,5,5,,0,0,0.832,0,"[[925,75,0,0,0],[67,894,39,0,0],[0,87,832,81,0],[0,0,46,882,72],[0,0,0,74,926]]",0.925,0.894,0.832,0.882,0.926
B,B,100,1000,1000,1000,23,0.8894,0.8862,0.29468728059353716,4,16,0.00564541438412383,6,1,71,5,5,,0,0,0.854,0,"[[927,73,0,0,0],[92,865,43,0,0],[0,66,854,80,0],[0,0,34,908,58],[0,0,0,107,893]]",0.927,0.865,0.854,0.908,0.893
B,B,100,1000,1000,1000,24,0.884,0.895,0.274962481505162,1,64,0.0052021968400696944,15,1,96,5,5,,0,0,0.843,0,"[[939,61,0,0,0],[112,847,41,0,0],[0,79,843,78,0],[0,0,31,854,115],[0,0,0,63,937]]",0.939,0.847,0.843,0.854,0.937
B,B,100,1000,1000,1000,25,0.889,0.8902,0.2886972618588944,2,32,0.009553419151003058,18,1,65,5,5,,0,0,0.844,0,"[[936,64,0,0,0],[86,877,37,0,0],[0,101,844,55,0],[0,0,51,860,89],[0,0,0,72,928]]",0.936,0.877,0.844,0.86,0.928
B,B,100,1000,1000,1000,26,0.8862,0.8952,0.2765583279380515,2,48,0.009926037030407767,8,1,98,5,5,,0,0,0.818,0,"[[925,75,0,0,0],[75,885,40,0,0],[0,88,818,94,0],[0,0,32,885,83],[0,0,0,82,918]]",0.925,0.885,0.818,0.885,0.918
B,B,100,1000,1000,1000,27,0.8902,0.8916,0.28930418385566853,1,64,0.009334605279922277,8,1,69,5,5,,0,0,0.85,0,"[[943,57,0,0,0],[104,850,46,0,0],[0,53,865,82,0],[0,0,43,876,81],[0,0,0,83,917]]",0.943,0.85,0.865,0.876,0.917
B,B,100,1000,1000,1000,28,0.877,0.8846,0.3021931421057825,1,48,0.007397140567471841,5,1,57,5,5,,0,0,0.839,0,"[[920,80,0,0,0],[108,842,50,0,0],[0,72,849,79,0],[0,0,53,839,108],[0,0,0,65,935]]",0.92,0.842,0.849,0.839,0.935
B,B,100,1000,1000,1000,29,0.8858,0.8816,0.3055855392776144,4,32,0.005569099795218577,18,1,53,5,5,,0,0,0.846,0,"[[930,70,0,0,0],[97,846,57,0,0],[0,78,867,55,0],[0,0,54,883,63],[0,0,0,97,903]]",0.93,0.846,0.867,0.883,0.903
B,B,100,1000,1000,1000,30,0.8894,0.894,0.27734430754506195,3,16,0.0047454646066924545,16,1,97,5,5,,0,0,0.849,0,"[[919,81,0,0,0],[63,910,27,0,0],[0,84,849,67,0],[0,0,51,858,91],[0,0,0,89,911]]",0.919,0.91,0.849,0.858,0.911
B,B,100,1000,1000,1000,31,0.8864,0.8918,0.27666989300585165,2,32,0.006322207679961801,15,1,62,5,5,,0,0,0.855,0,"[[917,83,0,0,0],[95,855,50,0,0],[0,67,867,66,0],[0,0,38,884,78],[0,0,0,91,909]]",0.917,0.855,0.867,0.884,0.909
B,B,100,1000,1000,1000,32,0.8846,0.896,0.2859855533369494,1,64,0.005614865000726751,13,1,85,5,5,,0,0,0.849,0,"[[943,57,0,0,0],[99,861,40,0,0],[0,74,860,65,1],[0,0,55,849,96],[0,0,0,90,910]]",0.943,0.861,0.86,0.849,0.91
B,B,100,1000,1000,1000,33,0.878,0.8894,0.26944974368578833,3,16,0.004677529790831498,15,1,44,5,5,,0,0,0.838,0,"[[902,98,0,0,0],[70,885,45,0,0],[0,97,838,65,0],[0,0,52,838,110],[0,0,0,73,927]]",0.902,0.885,0.838,0.838,0.927
B,B,100,1000,1000,1000,34,0.8846,0.8946,0.2908017607028367,1,48,0.007388090959622277,1,1,52,5,5,,0,0,0.848,0,"[[940,60,0,0,0],[93,848,59,0,0],[0,77,859,64,0],[0,0,56,869,75],[0,0,0,93,907]]",0.94,0.848,0.859,0.869,0.907
B,B,100,1000,1000,1000,35,0.889,0.8904,0.28487731683891826,3,16,0.0041726561419695475,14,1,55,5,5,,0,0,0.874,0,"[[894,106,0,0,0],[72,875,53,0,0],[0,68,874,58,0],[0,0,41,884,75],[0,0,0,82,918]]",0.894,0.875,0.874,0.884,0.918
B,B,100,1000,1000,1000,36,0.88,0.8856,0.31385513457585196,2,80,0.006631679273165848,15,1,184,5,5,,0,0,0.835,0,"[[902,98,0,0,0],[127,835,38,0,0],[0,76,854,70,0],[0,0,38,890,72],[0,0,0,81,919]]",0.902,0.835,0.854,0.89,0.919
B,B,100,1000,1000,1000,37,0.8908,0.8882,0.28969245839511076,2,16,0.0017972051344923134,2,1,129,5,5,,0,0,0.859,0,"[[926,74,0,0,0],[84,865,51,0,0],[0,65,859,76,0],[0,0,47,869,84],[0,0,0,65,935]]",0.926,0.865,0.859,0.869,0.935
B,B,100,1000,1000,1000,38,0.8882,0.893,0.28017655757998255,4,16,0.007595136081841047,18,1,84,5,5,,0,0,0.812,0,"[[936,64,0,0,0],[68,887,45,0,0],[0,99,812,89,0],[0,0,41,885,74],[0,0,0,79,921]]",0.936,0.887,0.812,0.885,0.921
B,B,100,1000,1000,1000,39,0.8888,0.8912,0.2857442677303638,3,16,0.0041453200693485435,18,1,48,5,5,,0,0,0.851,0,"[[928,72,0,0,0],[102,851,47,0,0],[0,62,878,60,0],[0,0,55,860,85],[0,0,0,73,927]]",0.928,0.851,0.878,0.86,0.927
B,B,100,1000,1000,1000,40,0.8552,0.8568,0.4442422977649847,2,96,0.007994399058365022,17,1,222,5,5,,0,0,0.798,0,"[[925,75,0,0,0],[105,819,76,0,0],[0,70,840,90,0],[0,0,38,798,164],[0,0,0,106,894]]",0.925,0.819,0.84,0.798,0.894
B,B,100,1000,1000,1000,41,0.8924,0.889,0.2884202731050115,1,32,0.00975667327036957,3,1,47,5,5,,0,0,0.85,0,"[[925,75,0,0,0],[75,878,47,0,0],[0,65,874,61,0],[0,0,56,850,94],[0,0,0,65,935]]",0.925,0.878,0.874,0.85,0.935
B,B,100,1000,1000,1000,42,0.8858,0.8994,0.27072513199980597,4,16,0.006511137127729066,12,1,85,5,5,,0,0,0.843,0,"[[903,97,0,0,0],[56,895,49,0,0],[0,90,843,67,0],[0,0,25,863,112],[0,0,0,75,925]]",0.903,0.895,0.843,0.863,0.925
B,B,100,1000,1000,1000,43,0.8988,0.8948,0.28523255068182546,2,32,0.007081834208611525,7,1,99,5,5,,0,0,0.854,0,"[[923,77,0,0,0],[52,915,33,0,0],[0,74,854,72,0],[0,0,60,873,67],[0,0,0,71,929]]",0.923,0.915,0.854,0.873,0.929
B,B,100,1000,1000,1000,44,0.886,0.8934,0.2977296018161712,1,48,0.004413366685966016,10,1,52,5,5,,0,0,0.856,0,"[[914,86,0,0,0],[85,875,40,0,0],[0,69,861,70,0],[0,0,42,856,102],[0,0,0,76,924]]",0.914,0.875,0.861,0.856,0.924
B,B,100,1000,1000,1000,45,0.8782,0.8856,0.2955034204690346,2,48,0.008634623351928203,2,1,63,5,5,,0,0,0.853,0,"[[911,89,0,0,0],[72,874,54,0,0],[0,67,853,80,0],[0,0,53,870,77],[0,0,0,117,883]]",0.911,0.874,0.853,0.87,0.883
B,B,100,1000,1000,1000,46,0.8856,0.8986,0.2790295982314794,3,32,0.0047132223201794225,14,1,160,5,5,,0,0,0.838,0,"[[888,112,0,0,0],[57,895,48,0,0],[0,75,838,87,0],[0,0,35,900,65],[0,0,0,93,907]]",0.888,0.895,0.838,0.9,0.907
B,B,100,1000,1000,1000,47,0.8878,0.8852,0.2963183683341568,3,16,0.00872810448860762,5,1,55,5,5,,0,0,0.867,0,"[[928,72,0,0,0],[74,870,56,0,0],[0,56,883,61,0],[0,0,50,867,83],[0,0,0,109,891]]",0.928,0.87,0.883,0.867,0.891
B,B,100,1000,1000,1000,48,0.8926,0.888,0.2972642141654508,1,64,0.005165056107936722,3,1,92,5,5,,0,0,0.849,0,"[[929,71,0,0,0],[102,849,49,0,0],[0,68,864,68,0],[0,0,41,877,82],[0,0,0,56,944]]",0.929,0.849,0.864,0.877,0.944
B,B,100,1000,1000,1000,49,0.888,0.8892,0.28509258323462355,1,32,0.008726900131818477,6,1,124,5,5,,0,0,0.856,0,"[[926,74,0,0,0],[80,886,34,0,0],[0,69,859,72,0],[0,0,63,856,81],[0,0,0,87,913]]",0.926,0.886,0.859,0.856,0.913
