regime,M,N_total,repetition,strategy,classification_selected_D,drift_selected_D
A(i),10,100,0,independent,2,2
A(i),10,100,0,within,2,2
A(i),10,100,1,independent,2,2
A(i),10,100,1,within,2,2
A(i),10,100,2,independent,2,2
A(i),10,100,2,within,5,2
A(i),10,100,3,independent,2,2
A(i),10,100,3,within,5,2
A(i),10,100,4,independent,2,2
A(i),10,100,4,within,15,2
A(i),10,100,5,independent,2,2
A(i),10,100,5,within,2,2
A(i),10,100,6,independent,2,2
A(i),10,100,6,within,5,2
A(i),10,100,7,independent,10,2
A(i),10,100,7,within,5,2
A(i),10,100,8,independent,2,2
A(i),10,100,8,within,2,2
A(i),10,100,9,independent,5,5
A(i),10,100,9,within,5,2
A(i),10,100,10,independent,2,2
A(i),10,100,10,within,2,2
A(i),10,100,11,independent,2,2
A(i),10,100,11,within,10,2
A(i),10,100,12,independent,20,5
A(i),10,100,12,within,20,2
A(i),10,100,13,independent,20,2
A(i),10,100,13,within,15,2
A(i),10,100,14,independent,2,2
A(i),10,100,14,within,2,2
A(i),10,100,15,independent,10,2
A(i),10,100,15,within,2,2
A(i),10,100,16,independent,2,2
A(i),10,100,16,within,2,2
A(i),10,100,17,independent,10,2
A(i),10,100,17,within,15,2
A(i),10,100,18,independent,5,2
A(i),10,100,18,within,15,2
A(i),10,100,19,independent,2,2
A(i),10,100,19,within,10,2
A(i),10,100,20,independent,2,2
A(i),10,100,20,within,15,2
A(i),10,100,21,independent,2,2
A(i),10,100,21,within,2,2
A(i),10,100,22,independent,2,2
A(i),10,100,22,within,10,2
A(i),10,100,23,independent,5,2
A(i),10,100,23,within,15,2
A(i),10,100,24,independent,5,2
A(i),10,100,24,within,5,2
A(i),10,100,25,independent,20,2
A(i),10,100,25,within,5,2
A(i),10,100,26,independent,2,2
A(i),10,100,26,within,5,2
A(i),10,100,27,independent,2,2
A(i),10,100,27,within,15,5
A(i),10,100,28,independent,20,2
A(i),10,100,28,within,15,2
A(i),10,100,29,independent,5,2
A(i),10,100,29,within,20,2
A(i),10,100,30,independent,20,2
A(i),10,100,30,within,2,2
A(i),10,100,31,independent,2,2
A(i),10,100,31,within,5,2
A(i),10,100,32,independent,2,2
A(i),10,100,32,within,2,2
A(i),10,100,33,independent,2,2
A(i),10,100,33,within,2,2
A(i),10,100,34,independent,2,2
A(i),10,100,34,within,2,2
A(i),10,100,35,independent,2,2
A(i),10,100,35,within,2,2
A(i),10,100,36,independent,2,2
A(i),10,100,36,within,2,2
A(i),10,100,37,independent,10,2
A(i),10,100,37,within,2,2
A(i),10,100,38,independent,2,2
A(i),10,100,38,within,5,2
A(i),10,100,39,independent,2,2
A(i),10,100,39,within,5,2
A(i),10,100,40,independent,15,2
A(i),10,100,40,within,5,2
A(i),10,100,41,independent,10,2
A(i),10,100,41,within,2,2
A(i),10,100,42,independent,10,2
A(i),10,100,42,within,2,2
A(i),10,100,43,independent,2,2
A(i),10,100,43,within,10,2
A(i),10,100,44,independent,2,2
A(i),10,100,44,within,15,2
A(i),10,100,45,independent,10,2
A(i),10,100,45,within,2,2
A(i),10,100,46,independent,5,2
A(i),10,100,46,within,2,2
A(i),10,100,47,independent,10,2
A(i),10,100,47,within,2,2
A(i),10,100,48,independent,2,2
A(i),10,100,48,within,5,2
A(i),10,100,49,independent,5,2
A(i),10,100,49,within,2,2
A(i),10,1000,0,independent,5,2
A(i),10,1000,0,within,20,2
A(i),10,1000,1,independent,10,2
A(i),10,1000,1,within,10,2
A(i),10,1000,2,independent,15,2
A(i),10,1000,2,within,20,2
A(i),10,1000,3,independent,5,2
A(i),10,1000,3,within,15,2
A(i),10,1000,4,independent,10,2
A(i),10,1000,4,within,15,2
A(i),10,1000,5,independent,2,5
A(i),10,1000,5,within,10,2
A(i),10,1000,6,independent,20,2
A(i),10,1000,6,within,2,2
A(i),10,1000,7,independent,10,2
A(i),10,1000,7,within,15,2
A(i),10,1000,8,independent,5,2
A(i),10,1000,8,within,2,2
A(i),10,1000,9,independent,10,2
A(i),10,1000,9,within,15,2
A(i),10,1000,10,independent,10,2
A(i),10,1000,10,within,5,2
A(i),10,1000,11,independent,5,2
A(i),10,1000,11,within,10,2
A(i),10,1000,12,independent,10,2
A(i),10,1000,12,within,10,2
A(i),10,1000,13,independent,5,2
A(i),10,1000,13,within,2,2
A(i),10,1000,14,independent,10,2
A(i),10,1000,14,within,5,2
A(i),10,1000,15,independent,2,2
A(i),10,1000,15,within,2,2
A(i),10,1000,16,independent,2,2
A(i),10,1000,16,within,5,2
A(i),10,1000,17,independent,2,2
A(i),10,1000,17,within,10,2
A(i),10,1000,18,independent,2,2
A(i),10,1000,18,within,5,2
A(i),10,1000,19,independent,5,2
A(i),10,1000,19,within,10,2
A(i),10,1000,20,independent,15,2
A(i),10,1000,20,within,2,2
A(i),10,1000,21,independent,15,2
A(i),10,1000,21,within,10,2
A(i),10,1000,22,independent,2,2
A(i),10,1000,22,within,2,2
A(i),10,1000,23,independent,2,2
A(i),10,1000,23,within,2,2
A(i),10,1000,24,independent,10,2
A(i),10,1000,24,within,2,2
A(i),10,1000,25,independent,10,2
A(i),10,1000,25,within,5,2
A(i),10,1000,26,independent,10,2
A(i),10,1000,26,within,15,2
A(i),10,1000,27,independent,20,2
A(i),10,1000,27,within,20,2
A(i),10,1000,28,independent,10,2
A(i),10,1000,28,within,5,2
A(i),10,1000,29,independent,15,2
A(i),10,1000,29,within,10,2
A(i),10,1000,30,independent,5,2
A(i),10,1000,30,within,5,2
A(i),10,1000,31,independent,5,2
A(i),10,1000,31,within,5,2
A(i),10,1000,32,independent,20,2
A(i),10,1000,32,within,2,2
A(i),10,1000,33,independent,15,2
A(i),10,1000,33,within,15,2
A(i),10,1000,34,independent,2,2
A(i),10,1000,34,within,20,2
A(i),10,1000,35,independent,5,2
A(i),10,1000,35,within,5,2
A(i),10,1000,36,independent,2,2
A(i),10,1000,36,within,20,2
A(i),10,1000,37,independent,5,2
A(i),10,1000,37,within,10,2
A(i),10,1000,38,independent,20,2
A(i),10,1000,38,within,2,5
A(i),10,1000,39,independent,2,2
A(i),10,1000,39,within,2,2
A(i),10,1000,40,independent,20,2
A(i),10,1000,40,within,5,2
A(i),10,1000,41,independent,10,2
A(i),10,1000,41,within,2,2
A(i),10,1000,42,independent,2,2
A(i),10,1000,42,within,10,2
A(i),10,1000,43,independent,2,2
A(i),10,1000,43,within,15,2
A(i),10,1000,44,independent,2,2
A(i),10,1000,44,within,2,2
A(i),10,1000,45,independent,20,2
A(i),10,1000,45,within,2,2
A(i),10,1000,46,independent,5,2
A(i),10,1000,46,within,2,2
A(i),10,1000,47,independent,2,2
A(i),10,1000,47,within,15,2
A(i),10,1000,48,independent,5,10
A(i),10,1000,48,within,2,2
A(i),10,1000,49,independent,2,2
A(i),10,1000,49,within,10,2
A(i),100,100,0,independent,5,2
A(i),100,100,0,within,2,2
A(i),100,100,1,independent,5,2
A(i),100,100,1,within,2,2
A(i),100,100,2,independent,20,2
A(i),100,100,2,within,10,2
A(i),100,100,3,independent,5,2
A(i),100,100,3,within,2,2
A(i),100,100,4,independent,5,5
A(i),100,100,4,within,2,5
A(i),100,100,5,independent,5,5
A(i),100,100,5,within,2,2
A(i),100,100,6,independent,5,2
A(i),100,100,6,within,5,2
A(i),100,100,7,independent,5,2
A(i),100,100,7,within,15,2
A(i),100,100,8,independent,2,2
A(i),100,100,8,within,5,2
A(i),100,100,9,independent,2,2
A(i),100,100,9,within,2,2
A(i),100,100,10,independent,2,2
A(i),100,100,10,within,15,5
A(i),100,100,11,independent,2,2
A(i),100,100,11,within,2,5
A(i),100,100,12,independent,10,2
A(i),100,100,12,within,10,2
A(i),100,100,13,independent,10,2
A(i),100,100,13,within,2,2
A(i),100,100,14,independent,2,2
A(i),100,100,14,within,10,2
A(i),100,100,15,independent,2,2
A(i),100,100,15,within,2,2
A(i),100,100,16,independent,5,2
A(i),100,100,16,within,2,2
A(i),100,100,17,independent,5,2
A(i),100,100,17,within,10,2
A(i),100,100,18,independent,15,2
A(i),100,100,18,within,5,2
A(i),100,100,19,independent,5,2
A(i),100,100,19,within,10,2
A(i),100,100,20,independent,2,2
A(i),100,100,20,within,2,2
A(i),100,100,21,independent,10,2
A(i),100,100,21,within,15,2
A(i),100,100,22,independent,15,2
A(i),100,100,22,within,2,2
A(i),100,100,23,independent,5,2
A(i),100,100,23,within,2,2
A(i),100,100,24,independent,10,2
A(i),100,100,24,within,2,2
A(i),100,100,25,independent,2,2
A(i),100,100,25,within,2,2
A(i),100,100,26,independent,2,2
A(i),100,100,26,within,5,2
A(i),100,100,27,independent,2,2
A(i),100,100,27,within,2,2
A(i),100,100,28,independent,2,2
A(i),100,100,28,within,5,2
A(i),100,100,29,independent,2,2
A(i),100,100,29,within,5,2
A(i),100,100,30,independent,2,2
A(i),100,100,30,within,2,2
A(i),100,100,31,independent,2,5
A(i),100,100,31,within,20,2
A(i),100,100,32,independent,2,2
A(i),100,100,32,within,20,2
A(i),100,100,33,independent,5,2
A(i),100,100,33,within,5,2
A(i),100,100,34,independent,2,2
A(i),100,100,34,within,10,2
A(i),100,100,35,independent,5,2
A(i),100,100,35,within,2,2
A(i),100,100,36,independent,5,2
A(i),100,100,36,within,2,2
A(i),100,100,37,independent,2,2
A(i),100,100,37,within,15,2
A(i),100,100,38,independent,2,2
A(i),100,100,38,within,2,2
A(i),100,100,39,independent,10,2
A(i),100,100,39,within,2,2
A(i),100,100,40,independent,2,2
A(i),100,100,40,within,2,2
A(i),100,100,41,independent,20,2
A(i),100,100,41,within,10,2
A(i),100,100,42,independent,10,2
A(i),100,100,42,within,15,2
A(i),100,100,43,independent,5,2
A(i),100,100,43,within,15,2
A(i),100,100,44,independent,5,2
A(i),100,100,44,within,2,2
A(i),100,100,45,independent,5,2
A(i),100,100,45,within,5,2
A(i),100,100,46,independent,10,2
A(i),100,100,46,within,2,2
A(i),100,100,47,independent,2,2
A(i),100,100,47,within,2,2
A(i),100,100,48,independent,2,2
A(i),100,100,48,within,20,2
A(i),100,100,49,independent,2,2
A(i),100,100,49,within,2,2
A(i),100,1000,0,independent,10,2
A(i),100,1000,0,within,2,2
A(i),100,1000,1,independent,2,2
A(i),100,1000,1,within,10,2
A(i),100,1000,2,independent,20,2
A(i),100,1000,2,within,10,2
A(i),100,1000,3,independent,5,2
A(i),100,1000,3,within,15,2
A(i),100,1000,4,independent,10,2
A(i),100,1000,4,within,5,2
A(i),100,1000,5,independent,10,10
A(i),100,1000,5,within,5,2
A(i),100,1000,6,independent,2,2
A(i),100,1000,6,within,20,2
A(i),100,1000,7,independent,2,2
A(i),100,1000,7,within,10,2
A(i),100,1000,8,independent,5,2
A(i),100,1000,8,within,15,2
A(i),100,1000,9,independent,15,2
A(i),100,1000,9,within,5,2
A(i),100,1000,10,independent,2,2
A(i),100,1000,10,within,5,2
A(i),100,1000,11,independent,15,2
A(i),100,1000,11,within,10,2
A(i),100,1000,12,independent,2,2
A(i),100,1000,12,within,2,2
A(i),100,1000,13,independent,2,2
A(i),100,1000,13,within,10,2
A(i),100,1000,14,independent,15,2
A(i),100,1000,14,within,10,2
A(i),100,1000,15,independent,20,2
A(i),100,1000,15,within,2,2
A(i),100,1000,16,independent,2,2
A(i),100,1000,16,within,10,2
A(i),100,1000,17,independent,15,2
A(i),100,1000,17,within,5,2
A(i),100,1000,18,independent,10,2
A(i),100,1000,18,within,2,2
A(i),100,1000,19,independent,5,2
A(i),100,1000,19,within,2,10
A(i),100,1000,20,independent,5,2
A(i),100,1000,20,within,10,2
A(i),100,1000,21,independent,5,2
A(i),100,1000,21,within,5,2
A(i),100,1000,22,independent,5,2
A(i),100,1000,22,within,20,2
A(i),100,1000,23,independent,2,2
A(i),100,1000,23,within,2,2
A(i),100,1000,24,independent,2,2
A(i),100,1000,24,within,2,2
A(i),100,1000,25,independent,10,2
A(i),100,1000,25,within,5,2
A(i),100,1000,26,independent,2,2
A(i),100,1000,26,within,2,2
A(i),100,1000,27,independent,20,2
A(i),100,1000,27,within,5,2
A(i),100,1000,28,independent,20,2
A(i),100,1000,28,within,2,2
A(i),100,1000,29,independent,20,2
A(i),100,1000,29,within,2,2
A(i),100,1000,30,independent,5,2
A(i),100,1000,30,within,20,2
A(i),100,1000,31,independent,5,2
A(i),100,1000,31,within,20,2
A(i),100,1000,32,independent,20,2
A(i),100,1000,32,within,2,2
A(i),100,1000,33,independent,20,2
A(i),100,1000,33,within,10,2
A(i),100,1000,34,independent,10,2
A(i),100,1000,34,within,2,2
A(i),100,1000,35,independent,20,2
A(i),100,1000,35,within,5,2
A(i),100,1000,36,independent,2,2
A(i),100,1000,36,within,2,2
A(i),100,1000,37,independent,10,2
A(i),100,1000,37,within,2,2
A(i),100,1000,38,independent,20,2
A(i),100,1000,38,within,5,2
A(i),100,1000,39,independent,2,2
A(i),100,1000,39,within,15,2
A(i),100,1000,40,independent,5,2
A(i),100,1000,40,within,10,2
A(i),100,1000,41,independent,5,2
A(i),100,1000,41,within,5,2
A(i),100,1000,42,independent,2,2
A(i),100,1000,42,within,15,2
A(i),100,1000,43,independent,10,2
A(i),100,1000,43,within,20,10
A(i),100,1000,44,independent,2,2
A(i),100,1000,44,within,15,2
A(i),100,1000,45,independent,5,2
A(i),100,1000,45,within,15,2
A(i),100,1000,46,independent,5,2
A(i),100,1000,46,within,2,2
A(i),100,1000,47,independent,15,2
A(i),100,1000,47,within,10,2
A(i),100,1000,48,independent,10,2
A(i),100,1000,48,within,10,10
A(i),100,1000,49,independent,2,10
A(i),100,1000,49,within,10,10
A(ii),10,100,0,independent,5,2
A(ii),10,100,0,within,2,5
A(ii),10,100,1,independent,5,2
A(ii),10,100,1,within,2,2
A(ii),10,100,2,independent,5,5
A(ii),10,100,2,within,15,5
A(ii),10,100,3,independent,10,2
A(ii),10,100,3,within,20,2
A(ii),10,100,4,independent,2,2
A(ii),10,100,4,within,20,2
A(ii),10,100,5,independent,2,2
A(ii),10,100,5,within,2,2
A(ii),10,100,6,independent,20,2
A(ii),10,100,6,within,15,2
A(ii),10,100,7,independent,10,2
A(ii),10,100,7,within,2,2
A(ii),10,100,8,independent,2,2
A(ii),10,100,8,within,10,2
A(ii),10,100,9,independent,2,2
A(ii),10,100,9,within,20,2
A(ii),10,100,10,independent,10,2
A(ii),10,100,10,within,5,2
A(ii),10,100,11,independent,2,5
A(ii),10,100,11,within,5,5
A(ii),10,100,12,independent,5,2
A(ii),10,100,12,within,5,2
A(ii),10,100,13,independent,15,2
A(ii),10,100,13,within,2,2
A(ii),10,100,14,independent,5,2
A(ii),10,100,14,within,20,2
A(ii),10,100,15,independent,10,2
A(ii),10,100,15,within,5,2
A(ii),10,100,16,independent,20,2
A(ii),10,100,16,within,10,2
A(ii),10,100,17,independent,2,2
A(ii),10,100,17,within,2,2
A(ii),10,100,18,independent,2,2
A(ii),10,100,18,within,2,2
A(ii),10,100,19,independent,2,2
A(ii),10,100,19,within,2,2
A(ii),10,100,20,independent,5,2
A(ii),10,100,20,within,5,2
A(ii),10,100,21,independent,2,2
A(ii),10,100,21,within,2,2
A(ii),10,100,22,independent,5,2
A(ii),10,100,22,within,5,2
A(ii),10,100,23,independent,5,2
A(ii),10,100,23,within,2,2
A(ii),10,100,24,independent,10,2
A(ii),10,100,24,within,10,2
A(ii),10,100,25,independent,20,2
A(ii),10,100,25,within,5,2
A(ii),10,100,26,independent,2,2
A(ii),10,100,26,within,5,2
A(ii),10,100,27,independent,2,2
A(ii),10,100,27,within,10,2
A(ii),10,100,28,independent,15,2
A(ii),10,100,28,within,10,2
A(ii),10,100,29,independent,20,2
A(ii),10,100,29,within,5,2
A(ii),10,100,30,independent,2,2
A(ii),10,100,30,within,2,2
A(ii),10,100,31,independent,2,2
A(ii),10,100,31,within,5,2
A(ii),10,100,32,independent,20,2
A(ii),10,100,32,within,10,2
A(ii),10,100,33,independent,2,2
A(ii),10,100,33,within,2,2
A(ii),10,100,34,independent,2,2
A(ii),10,100,34,within,2,2
A(ii),10,100,35,independent,5,2
A(ii),10,100,35,within,2,5
A(ii),10,100,36,independent,15,2
A(ii),10,100,36,within,2,2
A(ii),10,100,37,independent,2,2
A(ii),10,100,37,within,2,2
A(ii),10,100,38,independent,5,2
A(ii),10,100,38,within,2,2
A(ii),10,100,39,independent,10,2
A(ii),10,100,39,within,2,2
A(ii),10,100,40,independent,2,2
A(ii),10,100,40,within,15,2
A(ii),10,100,41,independent,10,2
A(ii),10,100,41,within,2,2
A(ii),10,100,42,independent,5,2
A(ii),10,100,42,within,2,2
A(ii),10,100,43,independent,2,2
A(ii),10,100,43,within,10,2
A(ii),10,100,44,independent,2,2
A(ii),10,100,44,within,10,2
A(ii),10,100,45,independent,2,5
A(ii),10,100,45,within,5,2
A(ii),10,100,46,independent,2,2
A(ii),10,100,46,within,2,2
A(ii),10,100,47,independent,2,2
A(ii),10,100,47,within,2,2
A(ii),10,100,48,independent,15,2
A(ii),10,100,48,within,2,2
A(ii),10,100,49,independent,10,2
A(ii),10,100,49,within,2,2
A(ii),10,1000,0,independent,15,2
A(ii),10,1000,0,within,10,2
A(ii),10,1000,1,independent,10,2
A(ii),10,1000,1,within,2,2
A(ii),10,1000,2,independent,2,2
A(ii),10,1000,2,within,10,2
A(ii),10,1000,3,independent,10,2
A(ii),10,1000,3,within,2,2
A(ii),10,1000,4,independent,20,2
A(ii),10,1000,4,within,2,2
A(ii),10,1000,5,independent,2,2
A(ii),10,1000,5,within,15,2
A(ii),10,1000,6,independent,10,2
A(ii),10,1000,6,within,2,2
A(ii),10,1000,7,independent,15,2
A(ii),10,1000,7,within,5,10
A(ii),10,1000,8,independent,2,2
A(ii),10,1000,8,within,5,2
A(ii),10,1000,9,independent,15,2
A(ii),10,1000,9,within,10,2
A(ii),10,1000,10,independent,15,2
A(ii),10,1000,10,within,20,2
A(ii),10,1000,11,independent,2,2
A(ii),10,1000,11,within,2,2
A(ii),10,1000,12,independent,15,2
A(ii),10,1000,12,within,5,2
A(ii),10,1000,13,independent,2,2
A(ii),10,1000,13,within,2,2
A(ii),10,1000,14,independent,15,2
A(ii),10,1000,14,within,2,2
A(ii),10,1000,15,independent,2,2
A(ii),10,1000,15,within,10,2
A(ii),10,1000,16,independent,10,2
A(ii),10,1000,16,within,10,2
A(ii),10,1000,17,independent,10,2
A(ii),10,1000,17,within,10,2
A(ii),10,1000,18,independent,2,2
A(ii),10,1000,18,within,2,2
A(ii),10,1000,19,independent,15,2
A(ii),10,1000,19,within,2,2
A(ii),10,1000,20,independent,2,2
A(ii),10,1000,20,within,20,2
A(ii),10,1000,21,independent,5,2
A(ii),10,1000,21,within,5,2
A(ii),10,1000,22,independent,2,2
A(ii),10,1000,22,within,10,2
A(ii),10,1000,23,independent,2,2
A(ii),10,1000,23,within,5,2
A(ii),10,1000,24,independent,2,2
A(ii),10,1000,24,within,2,2
A(ii),10,1000,25,independent,2,2
A(ii),10,1000,25,within,10,2
A(ii),10,1000,26,independent,10,2
A(ii),10,1000,26,within,2,2
A(ii),10,1000,27,independent,20,10
A(ii),10,1000,27,within,2,2
A(ii),10,1000,28,independent,5,2
A(ii),10,1000,28,within,20,2
A(ii),10,1000,29,independent,2,2
A(ii),10,1000,29,within,15,2
A(ii),10,1000,30,independent,5,2
A(ii),10,1000,30,within,2,2
A(ii),10,1000,31,independent,5,2
A(ii),10,1000,31,within,5,2
A(ii),10,1000,32,independent,2,2
A(ii),10,1000,32,within,2,2
A(ii),10,1000,33,independent,5,2
A(ii),10,1000,33,within,15,2
A(ii),10,1000,34,independent,5,2
A(ii),10,1000,34,within,2,2
A(ii),10,1000,35,independent,2,2
A(ii),10,1000,35,within,10,2
A(ii),10,1000,36,independent,5,2
A(ii),10,1000,36,within,10,2
A(ii),10,1000,37,independent,5,2
A(ii),10,1000,37,within,10,2
A(ii),10,1000,38,independent,10,2
A(ii),10,1000,38,within,15,2
A(ii),10,1000,39,independent,2,2
A(ii),10,1000,39,within,2,2
A(ii),10,1000,40,independent,2,2
A(ii),10,1000,40,within,15,2
A(ii),10,1000,41,independent,20,2
A(ii),10,1000,41,within,15,2
A(ii),10,1000,42,independent,5,2
A(ii),10,1000,42,within,10,2
A(ii),10,1000,43,independent,15,2
A(ii),10,1000,43,within,2,2
A(ii),10,1000,44,independent,5,2
A(ii),10,1000,44,within,2,2
A(ii),10,1000,45,independent,10,2
A(ii),10,1000,45,within,2,2
A(ii),10,1000,46,independent,15,2
A(ii),10,1000,46,within,10,2
A(ii),10,1000,47,independent,10,2
A(ii),10,1000,47,within,2,2
A(ii),10,1000,48,independent,10,2
A(ii),10,1000,48,within,10,2
A(ii),10,1000,49,independent,2,2
A(ii),10,1000,49,within,2,2
A(ii),100,100,0,independent,10,2
A(ii),100,100,0,within,15,2
A(ii),100,100,1,independent,20,2
A(ii),100,100,1,within,15,2
A(ii),100,100,2,independent,15,2
A(ii),100,100,2,within,2,2
A(ii),100,100,3,independent,5,2
A(ii),100,100,3,within,5,2
A(ii),100,100,4,independent,2,2
A(ii),100,100,4,within,2,2
A(ii),100,100,5,independent,5,2
A(ii),100,100,5,within,2,2
A(ii),100,100,6,independent,2,2
A(ii),100,100,6,within,2,2
A(ii),100,100,7,independent,2,5
A(ii),100,100,7,within,2,2
A(ii),100,100,8,independent,5,2
A(ii),100,100,8,within,5,5
A(ii),100,100,9,independent,2,2
A(ii),100,100,9,within,15,2
A(ii),100,100,10,independent,2,2
A(ii),100,100,10,within,2,2
A(ii),100,100,11,independent,2,2
A(ii),100,100,11,within,15,2
A(ii),100,100,12,independent,5,2
A(ii),100,100,12,within,2,2
A(ii),100,100,13,independent,10,2
A(ii),100,100,13,within,2,2
A(ii),100,100,14,independent,2,2
A(ii),100,100,14,within,10,2
A(ii),100,100,15,independent,2,2
A(ii),100,100,15,within,5,2
A(ii),100,100,16,independent,15,2
A(ii),100,100,16,within,5,2
A(ii),100,100,17,independent,10,2
A(ii),100,100,17,within,2,2
A(ii),100,100,18,independent,10,2
A(ii),100,100,18,within,2,2
A(ii),100,100,19,independent,2,2
A(ii),100,100,19,within,2,2
A(ii),100,100,20,independent,10,2
A(ii),100,100,20,within,5,2
A(ii),100,100,21,independent,20,2
A(ii),100,100,21,within,2,2
A(ii),100,100,22,independent,5,2
A(ii),100,100,22,within,2,2
A(ii),100,100,23,independent,2,2
A(ii),100,100,23,within,2,2
A(ii),100,100,24,independent,2,2
A(ii),100,100,24,within,5,2
A(ii),100,100,25,independent,2,2
A(ii),100,100,25,within,20,2
A(ii),100,100,26,independent,2,2
A(ii),100,100,26,within,10,2
A(ii),100,100,27,independent,2,2
A(ii),100,100,27,within,2,2
A(ii),100,100,28,independent,2,2
A(ii),100,100,28,within,2,2
A(ii),100,100,29,independent,2,2
A(ii),100,100,29,within,15,2
A(ii),100,100,30,independent,10,2
A(ii),100,100,30,within,10,2
A(ii),100,100,31,independent,5,2
A(ii),100,100,31,within,2,2
A(ii),100,100,32,independent,2,2
A(ii),100,100,32,within,2,2
A(ii),100,100,33,independent,2,2
A(ii),100,100,33,within,2,2
A(ii),100,100,34,independent,5,2
A(ii),100,100,34,within,5,2
A(ii),100,100,35,independent,2,2
A(ii),100,100,35,within,2,2
A(ii),100,100,36,independent,5,2
A(ii),100,100,36,within,20,2
A(ii),100,100,37,independent,2,2
A(ii),100,100,37,within,2,2
A(ii),100,100,38,independent,10,2
A(ii),100,100,38,within,20,2
A(ii),100,100,39,independent,2,2
A(ii),100,100,39,within,2,2
A(ii),100,100,40,independent,2,2
A(ii),100,100,40,within,2,2
A(ii),100,100,41,independent,5,2
A(ii),100,100,41,within,10,2
A(ii),100,100,42,independent,5,2
A(ii),100,100,42,within,10,2
A(ii),100,100,43,independent,2,2
A(ii),100,100,43,within,2,2
A(ii),100,100,44,independent,2,2
A(ii),100,100,44,within,5,2
A(ii),100,100,45,independent,2,2
A(ii),100,100,45,within,5,2
A(ii),100,100,46,independent,2,2
A(ii),100,100,46,within,2,2
A(ii),100,100,47,independent,15,2
A(ii),100,100,47,within,10,2
A(ii),100,100,48,independent,20,2
A(ii),100,100,48,within,15,2
A(ii),100,100,49,independent,2,2
A(ii),100,100,49,within,5,2
A(ii),100,1000,0,independent,10,2
A(ii),100,1000,0,within,5,2
A(ii),100,1000,1,independent,10,2
A(ii),100,1000,1,within,2,2
A(ii),100,1000,2,independent,10,2
A(ii),100,1000,2,within,2,2
A(ii),100,1000,3,independent,2,2
A(ii),100,1000,3,within,2,2
A(ii),100,1000,4,independent,2,2
A(ii),100,1000,4,within,2,2
A(ii),100,1000,5,independent,2,2
A(ii),100,1000,5,within,10,2
A(ii),100,1000,6,independent,10,2
A(ii),100,1000,6,within,2,2
A(ii),100,1000,7,independent,20,2
A(ii),100,1000,7,within,20,2
A(ii),100,1000,8,independent,5,2
A(ii),100,1000,8,within,5,2
A(ii),100,1000,9,independent,20,2
A(ii),100,1000,9,within,2,2
A(ii),100,1000,10,independent,2,2
A(ii),100,1000,10,within,10,2
A(ii),100,1000,11,independent,10,2
A(ii),100,1000,11,within,2,2
A(ii),100,1000,12,independent,5,2
A(ii),100,1000,12,within,5,2
A(ii),100,1000,13,independent,15,2
A(ii),100,1000,13,within,10,2
A(ii),100,1000,14,independent,10,2
A(ii),100,1000,14,within,2,2
A(ii),100,1000,15,independent,2,2
A(ii),100,1000,15,within,2,2
A(ii),100,1000,16,independent,10,2
A(ii),100,1000,16,within,2,2
A(ii),100,1000,17,independent,10,2
A(ii),100,1000,17,within,15,2
A(ii),100,1000,18,independent,15,2
A(ii),100,1000,18,within,10,2
A(ii),100,1000,19,independent,15,2
A(ii),100,1000,19,within,10,2
A(ii),100,1000,20,independent,15,2
A(ii),100,1000,20,within,10,2
A(ii),100,1000,21,independent,10,2
A(ii),100,1000,21,within,15,2
A(ii),100,1000,22,independent,2,2
A(ii),100,1000,22,within,20,2
A(ii),100,1000,23,independent,2,2
A(ii),100,1000,23,within,2,2
A(ii),100,1000,24,independent,10,2
A(ii),100,1000,24,within,2,2
A(ii),100,1000,25,independent,2,2
A(ii),100,1000,25,within,2,2
A(ii),100,1000,26,independent,5,2
A(ii),100,1000,26,within,2,2
A(ii),100,1000,27,independent,5,2
A(ii),100,1000,27,within,10,2
A(ii),100,1000,28,independent,10,10
A(ii),100,1000,28,within,2,2
A(ii),100,1000,29,independent,15,2
A(ii),100,1000,29,within,10,2
A(ii),100,1000,30,independent,10,2
A(ii),100,1000,30,within,10,2
A(ii),100,1000,31,independent,2,2
A(ii),100,1000,31,within,2,2
A(ii),100,1000,32,independent,10,2
A(ii),100,1000,32,within,10,2
A(ii),100,1000,33,independent,10,2
A(ii),100,1000,33,within,2,2
A(ii),100,1000,34,independent,5,2
A(ii),100,1000,34,within,2,2
A(ii),100,1000,35,independent,5,2
A(ii),100,1000,35,within,2,2
A(ii),100,1000,36,independent,2,2
A(ii),100,1000,36,within,20,2
A(ii),100,1000,37,independent,20,2
A(ii),100,1000,37,within,10,2
A(ii),100,1000,38,independent,5,2
A(ii),100,1000,38,within,10,2
A(ii),100,1000,39,independent,2,2
A(ii),100,1000,39,within,10,2
A(ii),100,1000,40,independent,20,2
A(ii),100,1000,40,within,20,2
A(ii),100,1000,41,independent,15,10
A(ii),100,1000,41,within,15,2
A(ii),100,1000,42,independent,2,2
A(ii),100,1000,42,within,20,2
A(ii),100,1000,43,independent,20,2
A(ii),100,1000,43,within,5,2
A(ii),100,1000,44,independent,2,2
A(ii),100,1000,44,within,2,2
A(ii),100,1000,45,independent,10,2
A(ii),100,1000,45,within,15,2
A(ii),100,1000,46,independent,2,2
A(ii),100,1000,46,within,2,2
A(ii),100,1000,47,independent,15,2
A(ii),100,1000,47,within,20,2
A(ii),100,1000,48,independent,15,2
A(ii),100,1000,48,within,15,2
A(ii),100,1000,49,independent,20,2
A(ii),100,1000,49,within,5,2
