regime,M,N_total,strategy,metric,D,count,total,frequency
A(i),10,100,independent,classification,2,29,50,0.58
A(i),10,100,independent,classification,5,7,50,0.14
A(i),10,100,independent,classification,10,8,50,0.16
A(i),10,100,independent,classification,15,1,50,0.02
A(i),10,100,independent,classification,20,5,50,0.1
A(i),10,100,independent,drift,2,48,50,0.96
A(i),10,100,independent,drift,5,2,50,0.04
A(i),10,100,independent,drift,10,0,50,0.0
A(i),10,100,independent,drift,15,0,50,0.0
A(i),10,100,independent,drift,20,0,50,0.0
A(i),10,100,within,classification,2,22,50,0.44
A(i),10,100,within,classification,5,13,50,0.26
A(i),10,100,within,classification,10,4,50,0.08
A(i),10,100,within,classification,15,9,50,0.18
A(i),10,100,within,classification,20,2,50,0.04
A(i),10,100,within,drift,2,49,50,0.98
A(i),10,100,within,drift,5,1,50,0.02
A(i),10,100,within,drift,10,0,50,0.0
A(i),10,100,within,drift,15,0,50,0.0
A(i),10,100,within,drift,20,0,50,0.0
A(i),10,1000,independent,classification,2,15,50,0.3
A(i),10,1000,independent,classification,5,12,50,0.24
A(i),10,1000,independent,classification,10,12,50,0.24
A(i),10,1000,independent,classification,15,5,50,0.1
A(i),10,1000,independent,classification,20,6,50,0.12
A(i),10,1000,independent,drift,2,48,50,0.96
A(i),10,1000,independent,drift,5,1,50,0.02
A(i),10,1000,independent,drift,10,1,50,0.02
A(i),10,1000,independent,drift,15,0,50,0.0
A(i),10,1000,independent,drift,20,0,50,0.0
A(i),10,1000,within,classification,2,16,50,0.32
A(i),10,1000,within,classification,5,10,50,0.2
A(i),10,1000,within,classification,10,11,50,0.22
A(i),10,1000,within,classification,15,8,50,0.16
A(i),10,1000,within,classification,20,5,50,0.1
A(i),10,1000,within,drift,2,49,50,0.98
A(i),10,1000,within,drift,5,1,50,0.02
A(i),10,1000,within,drift,10,0,50,0.0
A(i),10,1000,within,drift,15,0,50,0.0
A(i),10,1000,within,drift,20,0,50,0.0
A(i),100,100,independent,classification,2,22,50,0.44
A(i),100,100,independent,classification,5,17,50,0.34
A(i),100,100,independent,classification,10,7,50,0.14
A(i),100,100,independent,classification,15,2,50,0.04
A(i),100,100,independent,classification,20,2,50,0.04
A(i),100,100,independent,drift,2,47,50,0.94
A(i),100,100,independent,drift,5,3,50,0.06
A(i),100,100,independent,drift,10,0,50,0.0
A(i),100,100,independent,drift,15,0,50,0.0
A(i),100,100,independent,drift,20,0,50,0.0
A(i),100,100,within,classification,2,26,50,0.52
A(i),100,100,within,classification,5,8,50,0.16
A(i),100,100,within,classification,10,7,50,0.14
A(i),100,100,within,classification,15,6,50,0.12
A(i),100,100,within,classification,20,3,50,0.06
A(i),100,100,within,drift,2,47,50,0.94
A(i),100,100,within,drift,5,3,50,0.06
A(i),100,100,within,drift,10,0,50,0.0
A(i),100,100,within,drift,15,0,50,0.0
A(i),100,100,within,drift,20,0,50,0.0
A(i),100,1000,independent,classification,2,15,50,0.3
A(i),100,1000,independent,classification,5,12,50,0.24
A(i),100,1000,independent,classification,10,9,50,0.18
A(i),100,1000,independent,classification,15,5,50,0.1
A(i),100,1000,independent,classification,20,9,50,0.18
A(i),100,1000,independent,drift,2,48,50,0.96
A(i),100,1000,independent,drift,5,0,50,0.0
A(i),100,1000,independent,drift,10,2,50,0.04
A(i),100,1000,independent,drift,15,0,50,0.0
A(i),100,1000,independent,drift,20,0,50,0.0
A(i),100,1000,within,classification,2,15,50,0.3
A(i),100,1000,within,classification,5,11,50,0.22
A(i),100,1000,within,classification,10,13,50,0.26
A(i),100,1000,within,classification,15,6,50,0.12
A(i),100,1000,within,classification,20,5,50,0.1
A(i),100,1000,within,drift,2,46,50,0.92
A(i),100,1000,within,drift,5,0,50,0.0
A(i),100,1000,within,drift,10,4,50,0.08
A(i),100,1000,within,drift,15,0,50,0.0
A(i),100,1000,within,drift,20,0,50,0.0
A(ii),10,100,independent,classification,2,22,50,0.44
A(ii),10,100,independent,classification,5,11,50,0.22
A(ii),10,100,independent,classification,10,8,50,0.16
A(ii),10,100,independent,classification,15,4,50,0.08
A(ii),10,100,independent,classification,20,5,50,0.1
A(ii),10,100,independent,drift,2,47,50,0.94
A(ii),10,100,independent,drift,5,3,50,0.06
A(ii),10,100,independent,drift,10,0,50,0.0
A(ii),10,100,independent,drift,15,0,50,0.0
A(ii),10,100,independent,drift,20,0,50,0.0
A(ii),10,100,within,classification,2,24,50,0.48
A(ii),10,100,within,classification,5,11,50,0.22
A(ii),10,100,within,classification,10,8,50,0.16
A(ii),10,100,within,classification,15,3,50,0.06
A(ii),10,100,within,classification,20,4,50,0.08
A(ii),10,100,within,drift,2,46,50,0.92
A(ii),10,100,within,drift,5,4,50,0.08
A(ii),10,100,within,drift,10,0,50,0.0
A(ii),10,100,within,drift,15,0,50,0.0
A(ii),10,100,within,drift,20,0,50,0.0
A(ii),10,1000,independent,classification,2,18,50,0.36
A(ii),10,1000,independent,classification,5,10,50,0.2
A(ii),10,1000,independent,classification,10,10,50,0.2
A(ii),10,1000,independent,classification,15,9,50,0.18
A(ii),10,1000,independent,classification,20,3,50,0.06
A(ii),10,1000,independent,drift,2,49,50,0.98
A(ii),10,1000,independent,drift,5,0,50,0.0
A(ii),10,1000,independent,drift,10,1,50,0.02
A(ii),10,1000,independent,drift,15,0,50,0.0
A(ii),10,1000,independent,drift,20,0,50,0.0
A(ii),10,1000,within,classification,2,21,50,0.42
A(ii),10,1000,within,classification,5,6,50,0.12
A(ii),10,1000,within,classification,10,14,50,0.28
A(ii),10,1000,within,classification,15,6,50,0.12
A(ii),10,1000,within,classification,20,3,50,0.06
A(ii),10,1000,within,drift,2,49,50,0.98
A(ii),10,1000,within,drift,5,0,50,0.0
A(ii),10,1000,within,drift,10,1,50,0.02
A(ii),10,1000,within,drift,15,0,50,0.0
A(ii),10,1000,within,drift,20,0,50,0.0
A(ii),100,100,independent,classification,2,27,50,0.54
A(ii),100,100,independent,classification,5,10,50,0.2
A(ii),100,100,independent,classification,10,7,50,0.14
A(ii),100,100,independent,classification,15,3,50,0.06
A(ii),100,100,independent,classification,20,3,50,0.06
A(ii),100,100,independent,drift,2,49,50,0.98
A(ii),100,100,independent,drift,5,1,50,0.02
A(ii),100,100,independent,drift,10,0,50,0.0
A(ii),100,100,independent,drift,15,0,50,0.0
A(ii),100,100,independent,drift,20,0,50,0.0
A(ii),100,100,within,classification,2,25,50,0.5
A(ii),100,100,within,classification,5,10,50,0.2
A(ii),100,100,within,classification,10,6,50,0.12
A(ii),100,100,within,classification,15,6,50,0.12
A(ii),100,100,within,classification,20,3,50,0.06
A(ii),100,100,within,drift,2,49,50,0.98
A(ii),100,100,within,drift,5,1,50,0.02
A(ii),100,100,within,drift,10,0,50,0.0
A(ii),100,100,within,drift,15,0,50,0.0
A(ii),100,100,within,drift,20,0,50,0.0
A(ii),100,1000,independent,classification,2,14,50,0.28
A(ii),100,1000,independent,classification,5,7,50,0.14
A(ii),100,1000,independent,classification,10,15,50,0.3
A(ii),100,1000,independent,classification,15,8,50,0.16
A(ii),100,1000,independent,classification,20,6,50,0.12
A(ii),100,1000,independent,drift,2,48,50,0.96
A(ii),100,1000,independent,drift,5,0,50,0.0
A(ii),100,1000,independent,drift,10,2,50,0.04
A(ii),100,1000,independent,drift,15,0,50,0.0
A(ii),100,1000,independent,drift,20,0,50,0.0
A(ii),100,1000,within,classification,2,21,50,0.42
A(ii),100,1000,within,classification,5,5,50,0.1
A(ii),100,1000,within,classification,10,13,50,0.26
A(ii),100,1000,within,classification,15,5,50,0.1
A(ii),100,1000,within,classification,20,6,50,0.12
A(ii),100,1000,within,drift,2,50,50,1.0
A(ii),100,1000,within,drift,5,0,50,0.0
A(ii),100,1000,within,drift,10,0,50,0.0
A(ii),100,1000,within,drift,15,0,50,0.0
A(ii),100,1000,within,drift,20,0,50,0.0
