scenario,regime,M,N_train_per_class,N_validation_per_class,N_test_per_class,repetition,direct_nn_accuracy,validation_accuracy,validation_cross_entropy,hidden_layers,hidden_width,learning_rate,selected_trial,finalists_evaluated,best_epoch,n_classes,predicted_class_count,missing_predicted_classes,class_collapse,chance_or_worse,minimum_class_recall,zero_recall_class_count,confusion_matrix,class_0_recall,class_1_recall
A,A(i),10,100,100,1000,0,0.7795,0.82,0.4212646765293083,1,32,0.002182013260426482,0,1,36,2,2,,0,0,0.751,0,"[[808,192],[249,751]]",0.808,0.751
A,A(i),10,100,100,1000,1,0.776,0.815,0.5699649191418807,3,32,0.00215142010637503,6,1,51,2,2,,0,0,0.698,0,"[[698,302],[146,854]]",0.698,0.854
A,A(i),10,100,100,1000,2,0.5,0.5,0.6931471805599452,1,96,0.004401167322215302,19,1,1,2,1,1,1,1,0.0,1,"[[1000,0],[1000,0]]",1.0,0.0
A,A(i),10,100,100,1000,3,0.794,0.765,0.5624417516890623,3,16,0.006588448480921452,10,1,22,2,2,,0,0,0.763,0,"[[825,175],[237,763]]",0.825,0.763
A,A(i),10,100,100,1000,4,0.5015,0.465,1.33396643203485,1,16,0.0001856589107681722,15,1,1,2,2,,0,0,0.246,0,"[[246,754],[243,757]]",0.246,0.757
A,A(i),10,100,100,1000,5,0.773,0.815,0.4727271460894636,2,16,0.004740220310928122,14,1,51,2,2,,0,0,0.708,0,"[[708,292],[162,838]]",0.708,0.838
A,A(i),10,100,100,1000,6,0.7825,0.855,0.4795565935545699,1,48,0.004542271224612488,2,1,17,2,2,,0,0,0.767,0,"[[767,233],[202,798]]",0.767,0.798
A,A(i),10,100,100,1000,7,0.769,0.77,0.5334641901654529,2,16,0.0003985029548030464,18,1,110,2,2,,0,0,0.706,0,"[[706,294],[168,832]]",0.706,0.832
A,A(i),10,100,100,1000,8,0.5,0.5,0.6902963235043231,4,32,0.008271455691769656,2,1,1,2,1,1,1,1,0.0,1,"[[1000,0],[1000,0]]",1.0,0.0
A,A(i),10,100,100,1000,9,0.7795,0.795,0.4853277131369951,2,16,0.007130824992313313,1,1,14,2,2,,0,0,0.732,0,"[[732,268],[173,827]]",0.732,0.827
A,A(i),10,100,100,1000,10,0.787,0.825,0.47198002663464145,4,16,0.007653848849952471,1,1,7,2,2,,0,0,0.763,0,"[[763,237],[189,811]]",0.763,0.811
A,A(i),10,100,100,1000,11,0.783,0.775,0.5032824007571616,2,32,0.005780939695688253,14,1,19,2,2,,0,0,0.77,0,"[[796,204],[230,770]]",0.796,0.77
A,A(i),10,100,100,1000,12,0.7755,0.765,0.5372566072599132,1,64,0.0022724732431988514,14,1,55,2,2,,0,0,0.772,0,"[[772,228],[221,779]]",0.772,0.779
A,A(i),10,100,100,1000,13,0.777,0.785,0.4559281816091627,2,32,0.009383027261009043,14,1,11,2,2,,0,0,0.719,0,"[[835,165],[281,719]]",0.835,0.719
A,A(i),10,100,100,1000,14,0.7975,0.815,0.5678282989541852,3,16,0.002775000795217736,14,1,100,2,2,,0,0,0.768,0,"[[827,173],[232,768]]",0.827,0.768
A,A(i),10,100,100,1000,15,0.798,0.795,0.4782556656345771,2,16,0.007722656299520866,12,1,21,2,2,,0,0,0.749,0,"[[749,251],[153,847]]",0.749,0.847
A,A(i),10,100,100,1000,16,0.7685,0.785,0.5737689718250344,3,16,0.0008997781382528164,2,1,50,2,2,,0,0,0.691,0,"[[691,309],[154,846]]",0.691,0.846
A,A(i),10,100,100,1000,17,0.8,0.82,0.43689932031808887,3,32,0.003190046954470442,10,1,56,2,2,,0,0,0.787,0,"[[787,213],[187,813]]",0.787,0.813
A,A(i),10,100,100,1000,18,0.75,0.785,0.5293898262678313,3,16,0.0018994531216502844,18,1,53,2,2,,0,0,0.733,0,"[[733,267],[233,767]]",0.733,0.767
A,A(i),10,100,100,1000,19,0.7765,0.815,0.5554769373924126,1,32,0.008014181884755134,3,1,10,2,2,,0,0,0.702,0,"[[702,298],[149,851]]",0.702,0.851
A,A(i),10,100,100,1000,20,0.7555,0.805,0.5488579428660424,4,16,0.007011214824258761,3,1,6,2,2,,0,0,0.742,0,"[[742,258],[231,769]]",0.742,0.769
A,A(i),10,100,100,1000,21,0.7835,0.765,0.5721554365766539,1,48,0.006684196840411229,2,1,10,2,2,,0,0,0.734,0,"[[734,266],[167,833]]",0.734,0.833
A,A(i),10,100,100,1000,22,0.7965,0.81,0.6377720581277354,4,32,0.0012480527977244693,11,1,209,2,2,,0,0,0.741,0,"[[741,259],[148,852]]",0.741,0.852
A,A(i),10,100,100,1000,23,0.771,0.8,0.5280121200091579,3,16,0.0032966131091713316,1,1,67,2,2,,0,0,0.701,0,"[[701,299],[159,841]]",0.701,0.841
A,A(i),10,100,100,1000,24,0.757,0.73,0.6022165333649161,1,48,0.0016644154319297633,9,1,29,2,2,,0,0,0.641,0,"[[641,359],[127,873]]",0.641,0.873
A,A(i),10,100,100,1000,25,0.783,0.775,0.5516280181365443,1,48,0.003858751347945905,8,1,45,2,2,,0,0,0.742,0,"[[742,258],[176,824]]",0.742,0.824
A,A(i),10,100,100,1000,26,0.8025,0.775,0.6536763628703668,3,32,0.009417847186819497,9,1,31,2,2,,0,0,0.777,0,"[[828,172],[223,777]]",0.828,0.777
A,A(i),10,100,100,1000,27,0.7765,0.77,0.5289955947431398,3,32,0.004841282150785561,17,1,64,2,2,,0,0,0.714,0,"[[839,161],[286,714]]",0.839,0.714
A,A(i),10,100,100,1000,28,0.8075,0.805,0.5619014373396007,1,64,0.008153954140782673,17,1,15,2,2,,0,0,0.78,0,"[[780,220],[165,835]]",0.78,0.835
A,A(i),10,100,100,1000,29,0.8115,0.815,0.5062922009681573,1,48,0.0027976400365363214,2,1,40,2,2,,0,0,0.804,0,"[[804,196],[181,819]]",0.804,0.819
A,A(i),10,100,100,1000,30,0.773,0.855,0.36367134905181797,2,16,0.007965394783189235,14,1,26,2,2,,0,0,0.759,0,"[[759,241],[213,787]]",0.759,0.787
A,A(i),10,100,100,1000,31,0.7845,0.805,0.4869427489111372,1,32,0.005072039116807777,1,1,25,2,2,,0,0,0.726,0,"[[726,274],[157,843]]",0.726,0.843
A,A(i),10,100,100,1000,32,0.7835,0.835,0.4420423779908593,1,80,0.0050392821997182315,2,1,34,2,2,,0,0,0.733,0,"[[834,166],[267,733]]",0.834,0.733
A,A(i),10,100,100,1000,33,0.785,0.795,0.49283786941664964,4,16,0.009005244832152206,5,1,69,2,2,,0,0,0.782,0,"[[782,218],[212,788]]",0.782,0.788
A,A(i),10,100,100,1000,34,0.791,0.835,0.4274881089883404,2,16,0.001246563067248916,3,1,39,2,2,,0,0,0.749,0,"[[749,251],[167,833]]",0.749,0.833
A,A(i),10,100,100,1000,35,0.7865,0.775,0.493793560271608,3,16,0.0030053727857750835,1,1,39,2,2,,0,0,0.783,0,"[[790,210],[217,783]]",0.79,0.783
A,A(i),10,100,100,1000,36,0.7745,0.835,0.4961961907625724,4,32,0.005929447198377364,10,1,47,2,2,,0,0,0.753,0,"[[753,247],[204,796]]",0.753,0.796
A,A(i),10,100,100,1000,37,0.7805,0.775,0.4769814681229846,4,16,0.0065176749139225715,19,1,22,2,2,,0,0,0.714,0,"[[714,286],[153,847]]",0.714,0.847
A,A(i),10,100,100,1000,38,0.5,0.5,0.6931471805599452,1,128,0.0010295610062283232,18,1,1,2,1,1,1,1,0.0,1,"[[1000,0],[1000,0]]",1.0,0.0
A,A(i),10,100,100,1000,39,0.5,0.5,0.6931471805599452,4,48,0.00790855731882088,17,1,1,2,1,1,1,1,0.0,1,"[[1000,0],[1000,0]]",1.0,0.0
A,A(i),10,100,100,1000,40,0.802,0.73,0.54103090127826,1,32,0.007680399393142174,8,1,27,2,2,,0,0,0.789,0,"[[789,211],[185,815]]",0.789,0.815
A,A(i),10,100,100,1000,41,0.783,0.795,0.5131862794594051,1,48,0.007249980798227352,18,1,20,2,2,,0,0,0.756,0,"[[756,244],[190,810]]",0.756,0.81
A,A(i),10,100,100,1000,42,0.743,0.78,0.5806366951717182,2,64,0.007544551855035364,2,1,68,2,2,,0,0,0.655,0,"[[655,345],[169,831]]",0.655,0.831
A,A(i),10,100,100,1000,43,0.809,0.825,0.5284987100133844,1,48,0.004679429613675595,17,1,14,2,2,,0,0,0.782,0,"[[782,218],[164,836]]",0.782,0.836
A,A(i),10,100,100,1000,44,0.791,0.85,0.40362592295422833,2,32,0.002476805983341383,4,1,55,2,2,,0,0,0.743,0,"[[743,257],[161,839]]",0.743,0.839
A,A(i),10,100,100,1000,45,0.8045,0.77,0.6494894146851934,4,48,0.0075859595960369305,14,1,31,2,2,,0,0,0.789,0,"[[789,211],[180,820]]",0.789,0.82
A,A(i),10,100,100,1000,46,0.8075,0.79,0.4963556892093662,2,16,0.0037815327001349728,7,1,40,2,2,,0,0,0.802,0,"[[802,198],[187,813]]",0.802,0.813
A,A(i),10,100,100,1000,47,0.7065,0.705,0.5819387295594961,1,48,0.0003321566543592181,8,1,200,2,2,,0,0,0.615,0,"[[798,202],[385,615]]",0.798,0.615
A,A(i),10,100,100,1000,48,0.5,0.5,0.6931471805599452,2,64,0.0031086171308042612,10,1,1,2,1,1,1,1,0.0,1,"[[1000,0],[1000,0]]",1.0,0.0
A,A(i),10,100,100,1000,49,0.7915,0.82,0.45916655321765576,1,64,0.008700204808966681,19,1,27,2,2,,0,0,0.765,0,"[[818,182],[235,765]]",0.818,0.765
A,A(i),10,1000,1000,1000,0,0.7855,0.7975,0.4715653089607199,1,32,0.0008327017435533834,11,1,173,2,2,,0,0,0.751,0,"[[751,249],[180,820]]",0.751,0.82
A,A(i),10,1000,1000,1000,1,0.815,0.803,0.45528191001311225,1,64,0.0047285072898581235,6,1,30,2,2,,0,0,0.786,0,"[[786,214],[156,844]]",0.786,0.844
A,A(i),10,1000,1000,1000,2,0.8015,0.795,0.4685447375669579,2,32,0.006541411230259767,3,1,21,2,2,,0,0,0.77,0,"[[770,230],[167,833]]",0.77,0.833
A,A(i),10,1000,1000,1000,3,0.7895,0.801,0.45223453268549973,3,16,0.000820685676175504,3,1,59,2,2,,0,0,0.784,0,"[[784,216],[205,795]]",0.784,0.795
A,A(i),10,1000,1000,1000,4,0.803,0.795,0.45048534137413676,1,32,0.008596404368737676,19,1,20,2,2,,0,0,0.768,0,"[[768,232],[162,838]]",0.768,0.838
A,A(i),10,1000,1000,1000,5,0.8125,0.818,0.45867321452435966,4,32,0.003480733753115492,10,1,26,2,2,,0,0,0.791,0,"[[791,209],[166,834]]",0.791,0.834
A,A(i),10,1000,1000,1000,6,0.8125,0.8075,0.4621856239953454,3,16,0.004746015332734075,19,1,71,2,2,,0,0,0.795,0,"[[795,205],[170,830]]",0.795,0.83
A,A(i),10,1000,1000,1000,7,0.8,0.8205,0.4347751999187993,1,64,0.006675489547726725,11,1,47,2,2,,0,0,0.777,0,"[[777,223],[177,823]]",0.777,0.823
A,A(i),10,1000,1000,1000,8,0.807,0.8145,0.45578184204886746,3,16,0.0030554826307156355,10,1,23,2,2,,0,0,0.785,0,"[[785,215],[171,829]]",0.785,0.829
A,A(i),10,1000,1000,1000,9,0.8055,0.814,0.4387476352489731,1,80,0.005950136904969871,11,1,32,2,2,,0,0,0.762,0,"[[762,238],[151,849]]",0.762,0.849
A,A(i),10,1000,1000,1000,10,0.5,0.5,0.669252449249256,4,32,0.005172180737408893,11,1,1,2,1,1,1,1,0.0,1,"[[1000,0],[1000,0]]",1.0,0.0
A,A(i),10,1000,1000,1000,11,0.8005,0.8135,0.44916022829082564,1,16,0.008288708886457052,17,1,13,2,2,,0,0,0.763,0,"[[763,237],[162,838]]",0.763,0.838
A,A(i),10,1000,1000,1000,12,0.5,0.5,0.6931471805599454,4,48,0.003387033207559811,9,1,1,2,1,1,1,1,0.0,1,"[[1000,0],[1000,0]]",1.0,0.0
A,A(i),10,1000,1000,1000,13,0.7915,0.7895,0.46980567093514475,3,48,0.003425028514797236,5,1,66,2,2,,0,0,0.784,0,"[[784,216],[201,799]]",0.784,0.799
A,A(i),10,1000,1000,1000,14,0.7945,0.794,0.4728911925220163,2,32,0.0012330492264226974,10,1,18,2,2,,0,0,0.73,0,"[[730,270],[141,859]]",0.73,0.859
A,A(i),10,1000,1000,1000,15,0.7945,0.804,0.4504413841987088,1,16,0.00882804193963081,1,1,20,2,2,,0,0,0.772,0,"[[772,228],[183,817]]",0.772,0.817
A,A(i),10,1000,1000,1000,16,0.8075,0.8045,0.4779057530441588,1,80,0.0014023307176230814,12,1,21,2,2,,0,0,0.774,0,"[[774,226],[159,841]]",0.774,0.841
A,A(i),10,1000,1000,1000,17,0.8095,0.802,0.46332329503404013,1,64,0.0029716452267682975,2,1,80,2,2,,0,0,0.784,0,"[[784,216],[165,835]]",0.784,0.835
A,A(i),10,1000,1000,1000,18,0.787,0.8035,0.4591386230558853,1,32,0.007292262574697655,12,1,18,2,2,,0,0,0.735,0,"[[735,265],[161,839]]",0.735,0.839
A,A(i),10,1000,1000,1000,19,0.811,0.812,0.4537510747342241,3,32,0.0013228851838536506,4,1,70,2,2,,0,0,0.794,0,"[[794,206],[172,828]]",0.794,0.828
A,A(i),10,1000,1000,1000,20,0.818,0.8185,0.4315097105380855,1,16,0.002336422555526881,1,1,57,2,2,,0,0,0.769,0,"[[769,231],[133,867]]",0.769,0.867
A,A(i),10,1000,1000,1000,21,0.801,0.809,0.44321216112962514,2,64,0.008796239415413857,4,1,38,2,2,,0,0,0.734,0,"[[734,266],[132,868]]",0.734,0.868
A,A(i),10,1000,1000,1000,22,0.82,0.8155,0.4384522432664127,2,48,0.009575800545108001,2,1,23,2,2,,0,0,0.804,0,"[[804,196],[164,836]]",0.804,0.836
A,A(i),10,1000,1000,1000,23,0.813,0.82,0.43549589084125034,1,16,0.0030048627944945934,8,1,45,2,2,,0,0,0.788,0,"[[788,212],[162,838]]",0.788,0.838
A,A(i),10,1000,1000,1000,24,0.795,0.789,0.47017577749651024,1,48,0.005232450686082637,10,1,49,2,2,,0,0,0.773,0,"[[773,227],[183,817]]",0.773,0.817
A,A(i),10,1000,1000,1000,25,0.793,0.806,0.4456903819298244,2,16,0.002862189046779908,8,1,21,2,2,,0,0,0.766,0,"[[766,234],[180,820]]",0.766,0.82
A,A(i),10,1000,1000,1000,26,0.8015,0.8105,0.44519160257781754,1,16,0.0022950370407922387,15,1,68,2,2,,0,0,0.764,0,"[[764,236],[161,839]]",0.764,0.839
A,A(i),10,1000,1000,1000,27,0.784,0.808,0.46407851514474113,3,64,0.007750294777197312,11,1,47,2,2,,0,0,0.784,0,"[[784,216],[216,784]]",0.784,0.784
A,A(i),10,1000,1000,1000,28,0.8125,0.815,0.45010438508915956,3,48,0.007055192911294583,18,1,16,2,2,,0,0,0.799,0,"[[799,201],[174,826]]",0.799,0.826
A,A(i),10,1000,1000,1000,29,0.7855,0.798,0.4629685215244291,1,80,0.0044883184469987234,19,1,16,2,2,,0,0,0.755,0,"[[755,245],[184,816]]",0.755,0.816
A,A(i),10,1000,1000,1000,30,0.7975,0.804,0.4520991837712662,1,80,0.0020368629778614402,3,1,24,2,2,,0,0,0.789,0,"[[806,194],[211,789]]",0.806,0.789
A,A(i),10,1000,1000,1000,31,0.7945,0.794,0.4774154797286859,1,48,0.007994799752382467,18,1,10,2,2,,0,0,0.782,0,"[[782,218],[193,807]]",0.782,0.807
A,A(i),10,1000,1000,1000,32,0.8135,0.8075,0.4599685722394792,2,48,0.008530606276090712,2,1,66,2,2,,0,0,0.792,0,"[[792,208],[165,835]]",0.792,0.835
A,A(i),10,1000,1000,1000,33,0.8155,0.817,0.4387030244017752,1,16,0.009112426329042314,3,1,20,2,2,,0,0,0.782,0,"[[782,218],[151,849]]",0.782,0.849
A,A(i),10,1000,1000,1000,34,0.7965,0.814,0.4531823137386622,1,16,0.0021067292887021593,2,1,26,2,2,,0,0,0.746,0,"[[746,254],[153,847]]",0.746,0.847
A,A(i),10,1000,1000,1000,35,0.799,0.816,0.42357726074791696,1,16,0.009347586637618907,3,1,41,2,2,,0,0,0.761,0,"[[761,239],[163,837]]",0.761,0.837
A,A(i),10,1000,1000,1000,36,0.809,0.7925,0.4783824972465252,2,16,0.00681120044518938,7,1,9,2,2,,0,0,0.779,0,"[[779,221],[161,839]]",0.779,0.839
A,A(i),10,1000,1000,1000,37,0.5,0.5,0.7380387406257166,1,128,0.00957230142132272,17,1,1,2,1,1,1,1,0.0,1,"[[1000,0],[1000,0]]",1.0,0.0
A,A(i),10,1000,1000,1000,38,0.796,0.808,0.47301834968299267,1,32,0.007426758413461683,9,1,87,2,2,,0,0,0.785,0,"[[807,193],[215,785]]",0.807,0.785
A,A(i),10,1000,1000,1000,39,0.7915,0.801,0.4547345366826746,1,64,0.0020561780880437998,18,1,44,2,2,,0,0,0.791,0,"[[791,209],[208,792]]",0.791,0.792
A,A(i),10,1000,1000,1000,40,0.8145,0.8185,0.43972955567439004,1,32,0.004936873919603808,12,1,56,2,2,,0,0,0.789,0,"[[789,211],[160,840]]",0.789,0.84
A,A(i),10,1000,1000,1000,41,0.803,0.808,0.45516956475291115,2,16,0.006504491263514614,2,1,46,2,2,,0,0,0.802,0,"[[802,198],[196,804]]",0.802,0.804
A,A(i),10,1000,1000,1000,42,0.793,0.81,0.4521896594648548,3,16,0.00842965975663253,1,1,6,2,2,,0,0,0.771,0,"[[815,185],[229,771]]",0.815,0.771
A,A(i),10,1000,1000,1000,43,0.824,0.7985,0.4648421117400047,1,64,0.00426729291924736,6,1,32,2,2,,0,0,0.798,0,"[[798,202],[150,850]]",0.798,0.85
A,A(i),10,1000,1000,1000,44,0.8115,0.816,0.43985780347078896,1,32,0.005105750700825495,14,1,51,2,2,,0,0,0.778,0,"[[778,222],[155,845]]",0.778,0.845
A,A(i),10,1000,1000,1000,45,0.8035,0.8065,0.4801214191764279,3,16,0.0025159508107010127,0,1,15,2,2,,0,0,0.778,0,"[[778,222],[171,829]]",0.778,0.829
A,A(i),10,1000,1000,1000,46,0.7935,0.799,0.45090964142984796,4,32,0.0048589404956959886,7,1,23,2,2,,0,0,0.777,0,"[[810,190],[223,777]]",0.81,0.777
A,A(i),10,1000,1000,1000,47,0.7995,0.8155,0.44087271474808554,1,32,0.009474258635650058,12,1,10,2,2,,0,0,0.768,0,"[[768,232],[169,831]]",0.768,0.831
A,A(i),10,1000,1000,1000,48,0.814,0.7945,0.47685429678286134,1,80,0.007259047542809283,15,1,26,2,2,,0,0,0.804,0,"[[824,176],[196,804]]",0.824,0.804
A,A(i),10,1000,1000,1000,49,0.8145,0.796,0.466097637198356,2,16,0.009428746845072306,1,1,9,2,2,,0,0,0.787,0,"[[787,213],[158,842]]",0.787,0.842
A,A(i),100,100,100,1000,0,0.77,0.815,0.46551054629726624,3,16,0.0030488443942589356,9,1,43,2,2,,0,0,0.671,0,"[[671,329],[131,869]]",0.671,0.869
A,A(i),100,100,100,1000,1,0.7735,0.815,0.46262208657171927,2,16,0.009095237527865367,12,1,11,2,2,,0,0,0.771,0,"[[771,229],[224,776]]",0.771,0.776
A,A(i),100,100,100,1000,2,0.79,0.78,0.499283673414882,1,96,0.009593283713747043,16,1,41,2,2,,0,0,0.786,0,"[[786,214],[206,794]]",0.786,0.794
A,A(i),100,100,100,1000,3,0.788,0.795,0.5506801958894341,2,48,0.0038074791276883927,5,1,24,2,2,,0,0,0.732,0,"[[732,268],[156,844]]",0.732,0.844
A,A(i),100,100,100,1000,4,0.748,0.775,0.5432834428453096,1,64,0.005404046832111556,19,1,14,2,2,,0,0,0.644,0,"[[644,356],[148,852]]",0.644,0.852
A,A(i),100,100,100,1000,5,0.7825,0.82,0.6264992856807021,3,32,0.00018105179757706337,6,1,150,2,2,,0,0,0.709,0,"[[709,291],[144,856]]",0.709,0.856
A,A(i),100,100,100,1000,6,0.777,0.85,0.49401950072225403,1,32,0.00297426776864495,12,1,47,2,2,,0,0,0.744,0,"[[744,256],[190,810]]",0.744,0.81
A,A(i),100,100,100,1000,7,0.7825,0.84,0.4578753282810732,1,64,0.007951260488288156,9,1,43,2,2,,0,0,0.768,0,"[[797,203],[232,768]]",0.797,0.768
A,A(i),100,100,100,1000,8,0.773,0.765,0.5663886035308053,2,64,0.008641125513118176,18,1,21,2,2,,0,0,0.661,0,"[[661,339],[115,885]]",0.661,0.885
A,A(i),100,100,100,1000,9,0.763,0.795,0.5611304537882823,4,48,0.008213239391580397,19,1,47,2,2,,0,0,0.668,0,"[[668,332],[142,858]]",0.668,0.858
A,A(i),100,100,100,1000,10,0.763,0.81,0.473694055832886,3,16,0.003953659394248025,12,1,26,2,2,,0,0,0.753,0,"[[773,227],[247,753]]",0.773,0.753
A,A(i),100,100,100,1000,11,0.5,0.5,0.6453075644622751,1,112,0.00794360401412001,13,1,1,2,1,1,1,1,0.0,1,"[[1000,0],[1000,0]]",1.0,0.0
A,A(i),100,100,100,1000,12,0.7755,0.78,0.4931590328521995,2,80,0.0034347636092475877,13,1,106,2,2,,0,0,0.763,0,"[[788,212],[237,763]]",0.788,0.763
A,A(i),100,100,100,1000,13,0.7755,0.83,0.4828315553269239,2,32,0.0016443543466812763,11,1,61,2,2,,0,0,0.739,0,"[[739,261],[188,812]]",0.739,0.812
A,A(i),100,100,100,1000,14,0.774,0.78,0.5168646015204736,1,48,0.006665654305335824,7,1,64,2,2,,0,0,0.768,0,"[[780,220],[232,768]]",0.78,0.768
A,A(i),100,100,100,1000,15,0.792,0.82,0.46295232980549483,1,16,0.007868618946374743,12,1,19,2,2,,0,0,0.774,0,"[[774,226],[190,810]]",0.774,0.81
A,A(i),100,100,100,1000,16,0.7885,0.815,0.45339676682970265,3,16,0.003619866869318632,11,1,42,2,2,,0,0,0.772,0,"[[805,195],[228,772]]",0.805,0.772
A,A(i),100,100,100,1000,17,0.7445,0.815,0.4767320352709225,1,96,0.008641581718653667,3,1,26,2,2,,0,0,0.707,0,"[[782,218],[293,707]]",0.782,0.707
A,A(i),100,100,100,1000,18,0.772,0.77,0.5431402074314112,1,64,0.0026474108359504905,5,1,40,2,2,,0,0,0.724,0,"[[724,276],[180,820]]",0.724,0.82
A,A(i),100,100,100,1000,19,0.778,0.815,0.46865387817641263,2,32,0.00725985324218073,18,1,29,2,2,,0,0,0.728,0,"[[728,272],[172,828]]",0.728,0.828
A,A(i),100,100,100,1000,20,0.8005,0.82,0.40350253526045593,1,96,0.004020848186103993,1,1,47,2,2,,0,0,0.759,0,"[[759,241],[158,842]]",0.759,0.842
A,A(i),100,100,100,1000,21,0.7705,0.81,0.5243218988264088,1,112,0.009323380725662082,7,1,31,2,2,,0,0,0.766,0,"[[766,234],[225,775]]",0.766,0.775
A,A(i),100,100,100,1000,22,0.7905,0.86,0.4196647127410394,2,16,0.007211744992864156,13,1,15,2,2,,0,0,0.745,0,"[[745,255],[164,836]]",0.745,0.836
A,A(i),100,100,100,1000,23,0.7875,0.81,0.5651879814448152,2,64,0.006937242931770738,14,1,13,2,2,,0,0,0.785,0,"[[790,210],[215,785]]",0.79,0.785
A,A(i),100,100,100,1000,24,0.7695,0.815,0.4851648402999873,1,48,0.0017104838722931007,1,1,93,2,2,,0,0,0.707,0,"[[707,293],[168,832]]",0.707,0.832
A,A(i),100,100,100,1000,25,0.7775,0.775,0.5096410420196037,1,64,0.005876275570301839,8,1,37,2,2,,0,0,0.686,0,"[[869,131],[314,686]]",0.869,0.686
A,A(i),100,100,100,1000,26,0.5,0.5,0.6918303910475501,2,96,0.005653636808635178,1,1,1,2,1,1,1,1,0.0,1,"[[1000,0],[1000,0]]",1.0,0.0
A,A(i),100,100,100,1000,27,0.787,0.815,0.481164627989305,2,32,0.007321750712404729,6,1,31,2,2,,0,0,0.782,0,"[[782,218],[208,792]]",0.782,0.792
A,A(i),100,100,100,1000,28,0.795,0.805,0.47059069390652897,2,16,0.000945157536131138,5,1,82,2,2,,0,0,0.773,0,"[[773,227],[183,817]]",0.773,0.817
A,A(i),100,100,100,1000,29,0.4855,0.485,0.635494899434311,2,96,0.0048708358876085635,7,1,60,2,2,,0,1,0.045,0,"[[45,955],[74,926]]",0.045,0.926
A,A(i),100,100,100,1000,30,0.48,0.465,0.6930755244457113,4,48,0.0005333545396596722,3,1,129,2,2,,0,1,0.184,0,"[[184,816],[224,776]]",0.184,0.776
A,A(i),100,100,100,1000,31,0.7625,0.805,0.46674986579992395,1,32,0.0017469958976572622,13,1,16,2,2,,0,0,0.747,0,"[[778,222],[253,747]]",0.778,0.747
A,A(i),100,100,100,1000,32,0.7445,0.785,0.5210095914970232,2,32,0.0005020171216565169,19,1,16,2,2,,0,0,0.657,0,"[[657,343],[168,832]]",0.657,0.832
A,A(i),100,100,100,1000,33,0.763,0.76,0.5133944812148017,1,64,0.0019539732650994232,18,1,32,2,2,,0,0,0.705,0,"[[705,295],[179,821]]",0.705,0.821
A,A(i),100,100,100,1000,34,0.7785,0.775,0.5148234375964446,1,48,0.003052431388172252,19,1,75,2,2,,0,0,0.762,0,"[[762,238],[205,795]]",0.762,0.795
A,A(i),100,100,100,1000,35,0.7905,0.785,0.6006484974546441,3,48,0.004918952427280362,14,1,33,2,2,,0,0,0.705,0,"[[705,295],[124,876]]",0.705,0.876
A,A(i),100,100,100,1000,36,0.7965,0.815,0.5675929300334015,4,48,0.0035800086157018163,4,1,73,2,2,,0,0,0.754,0,"[[839,161],[246,754]]",0.839,0.754
A,A(i),100,100,100,1000,37,0.792,0.855,0.4389248475446128,1,16,0.0033544895556217092,19,1,3,2,2,,0,0,0.771,0,"[[813,187],[229,771]]",0.813,0.771
A,A(i),100,100,100,1000,38,0.805,0.795,0.4939090854934614,3,48,0.004656066170166659,4,1,96,2,2,,0,0,0.788,0,"[[788,212],[178,822]]",0.788,0.822
A,A(i),100,100,100,1000,39,0.7685,0.695,0.6831053774536126,4,16,0.004075108891671836,7,1,16,2,2,,0,0,0.683,0,"[[854,146],[317,683]]",0.854,0.683
A,A(i),100,100,100,1000,40,0.7975,0.78,0.4771130020341143,1,80,0.003057280147485239,18,1,66,2,2,,0,0,0.794,0,"[[801,199],[206,794]]",0.801,0.794
A,A(i),100,100,100,1000,41,0.7745,0.78,0.5583566097272545,2,64,0.007281938367999286,14,1,23,2,2,,0,0,0.773,0,"[[773,227],[224,776]]",0.773,0.776
A,A(i),100,100,100,1000,42,0.8,0.825,0.40998139394627325,1,48,0.009950861526731981,19,1,31,2,2,,0,0,0.757,0,"[[757,243],[157,843]]",0.757,0.843
A,A(i),100,100,100,1000,43,0.766,0.765,0.5238039268420384,1,64,0.003426507818413947,2,1,42,2,2,,0,0,0.743,0,"[[789,211],[257,743]]",0.789,0.743
A,A(i),100,100,100,1000,44,0.7985,0.765,0.5296156291529881,2,48,0.0085611783066639,9,1,13,2,2,,0,0,0.783,0,"[[783,217],[186,814]]",0.783,0.814
A,A(i),100,100,100,1000,45,0.4445,0.485,0.7283338161412627,2,64,0.00019950564038156887,5,1,31,2,2,,0,1,0.162,0,"[[162,838],[273,727]]",0.162,0.727
A,A(i),100,100,100,1000,46,0.7795,0.785,0.5108376763580567,2,32,0.005432227848392811,9,1,23,2,2,,0,0,0.737,0,"[[822,178],[263,737]]",0.822,0.737
A,A(i),100,100,100,1000,47,0.785,0.795,0.5644303671826363,2,48,0.005617210266083752,7,1,17,2,2,,0,0,0.694,0,"[[694,306],[124,876]]",0.694,0.876
A,A(i),100,100,100,1000,48,0.7615,0.805,0.4417448588718111,1,16,0.005472528827848123,12,1,31,2,2,,0,0,0.761,0,"[[761,239],[238,762]]",0.761,0.762
A,A(i),100,100,100,1000,49,0.799,0.805,0.49695272740720337,2,48,0.005258503229688115,17,1,60,2,2,,0,0,0.785,0,"[[813,187],[215,785]]",0.813,0.785
A,A(i),100,1000,1000,1000,0,0.815,0.827,0.439297469610173,2,48,0.009929922914027969,19,1,7,2,2,,0,0,0.807,0,"[[807,193],[177,823]]",0.807,0.823
A,A(i),100,1000,1000,1000,1,0.808,0.8165,0.4360469848854009,4,48,0.007420532312508535,16,1,39,2,2,,0,0,0.807,0,"[[809,191],[193,807]]",0.809,0.807
A,A(i),100,1000,1000,1000,2,0.7875,0.787,0.5130202777816257,3,48,0.001441199151138863,19,1,20,2,2,,0,0,0.765,0,"[[765,235],[190,810]]",0.765,0.81
A,A(i),100,1000,1000,1000,3,0.7955,0.8145,0.4475137917854627,1,48,0.007630556616916213,6,1,18,2,2,,0,0,0.788,0,"[[803,197],[212,788]]",0.803,0.788
A,A(i),100,1000,1000,1000,4,0.802,0.8125,0.44954666994399023,1,80,0.0027135104981053345,8,1,17,2,2,,0,0,0.778,0,"[[778,222],[174,826]]",0.778,0.826
A,A(i),100,1000,1000,1000,5,0.7815,0.813,0.45747865613726096,3,48,0.0028156109002742827,11,1,31,2,2,,0,0,0.779,0,"[[779,221],[216,784]]",0.779,0.784
A,A(i),100,1000,1000,1000,6,0.814,0.8035,0.47706640629615676,1,80,0.008847077410252488,10,1,25,2,2,,0,0,0.785,0,"[[785,215],[157,843]]",0.785,0.843
A,A(i),100,1000,1000,1000,7,0.7925,0.8025,0.4943446069483429,1,48,0.008239962605017342,10,1,3,2,2,,0,0,0.776,0,"[[776,224],[191,809]]",0.776,0.809
A,A(i),100,1000,1000,1000,8,0.8005,0.8015,0.4583427151879816,1,16,0.00543981520827595,7,1,22,2,2,,0,0,0.791,0,"[[791,209],[190,810]]",0.791,0.81
A,A(i),100,1000,1000,1000,9,0.8195,0.8005,0.47288322537265237,4,32,0.009393615960809648,0,1,16,2,2,,0,0,0.786,0,"[[786,214],[147,853]]",0.786,0.853
A,A(i),100,1000,1000,1000,10,0.8135,0.794,0.4632449076729308,3,64,0.004729428197621684,4,1,100,2,2,,0,0,0.783,0,"[[783,217],[156,844]]",0.783,0.844
A,A(i),100,1000,1000,1000,11,0.79,0.8215,0.439989103262031,1,96,0.0036662956593016436,11,1,127,2,2,,0,0,0.781,0,"[[799,201],[219,781]]",0.799,0.781
A,A(i),100,1000,1000,1000,12,0.774,0.8025,0.45133197454272134,2,32,0.005654160331323207,1,1,29,2,2,,0,0,0.736,0,"[[736,264],[188,812]]",0.736,0.812
A,A(i),100,1000,1000,1000,13,0.8105,0.806,0.4696171151153513,2,64,0.0026328015222828434,15,1,35,2,2,,0,0,0.768,0,"[[768,232],[147,853]]",0.768,0.853
A,A(i),100,1000,1000,1000,14,0.797,0.798,0.46419674322394155,2,64,0.005613137328618611,7,1,14,2,2,,0,0,0.785,0,"[[785,215],[191,809]]",0.785,0.809
A,A(i),100,1000,1000,1000,15,0.789,0.803,0.4539439790622972,3,16,0.0013841245405399405,2,1,16,2,2,,0,0,0.752,0,"[[752,248],[174,826]]",0.752,0.826
A,A(i),100,1000,1000,1000,16,0.8075,0.812,0.43463355755985766,1,80,0.009419022247833456,3,1,34,2,2,,0,0,0.788,0,"[[827,173],[212,788]]",0.827,0.788
A,A(i),100,1000,1000,1000,17,0.781,0.798,0.46750802717091144,1,32,0.0013200225718271944,0,1,29,2,2,,0,0,0.769,0,"[[793,207],[231,769]]",0.793,0.769
A,A(i),100,1000,1000,1000,18,0.8185,0.821,0.4311634168968169,2,64,0.007749153950277921,16,1,28,2,2,,0,0,0.78,0,"[[780,220],[143,857]]",0.78,0.857
A,A(i),100,1000,1000,1000,19,0.8045,0.81,0.4504957943944179,1,96,0.009530800435012896,4,1,47,2,2,,0,0,0.782,0,"[[782,218],[173,827]]",0.782,0.827
A,A(i),100,1000,1000,1000,20,0.789,0.7955,0.4611170293164508,1,32,0.004963615907546532,16,1,65,2,2,,0,0,0.775,0,"[[775,225],[197,803]]",0.775,0.803
A,A(i),100,1000,1000,1000,21,0.8175,0.8005,0.46157289459503165,1,48,0.002727262733569765,16,1,18,2,2,,0,0,0.816,0,"[[816,184],[181,819]]",0.816,0.819
A,A(i),100,1000,1000,1000,22,0.8035,0.7965,0.4693689080119353,2,16,0.003069790922859811,7,1,26,2,2,,0,0,0.796,0,"[[796,204],[189,811]]",0.796,0.811
A,A(i),100,1000,1000,1000,23,0.804,0.8175,0.44180696902783956,4,32,0.005170368913707246,9,1,16,2,2,,0,0,0.793,0,"[[793,207],[185,815]]",0.793,0.815
A,A(i),100,1000,1000,1000,24,0.7995,0.8195,0.43185130368564156,1,64,0.0028088985352818156,12,1,109,2,2,,0,0,0.77,0,"[[770,230],[171,829]]",0.77,0.829
A,A(i),100,1000,1000,1000,25,0.806,0.794,0.46271542117840975,3,48,0.0042254456696240155,7,1,20,2,2,,0,0,0.796,0,"[[796,204],[184,816]]",0.796,0.816
A,A(i),100,1000,1000,1000,26,0.8005,0.813,0.4498743678968119,2,64,0.009948877955753409,2,1,15,2,2,,0,0,0.795,0,"[[795,205],[194,806]]",0.795,0.806
A,A(i),100,1000,1000,1000,27,0.7805,0.7995,0.46057361708618416,4,32,0.00613740912806273,18,1,55,2,2,,0,0,0.753,0,"[[753,247],[192,808]]",0.753,0.808
A,A(i),100,1000,1000,1000,28,0.7865,0.7875,0.5107170412295808,3,64,0.005058187859160003,13,1,18,2,2,,0,0,0.766,0,"[[766,234],[193,807]]",0.766,0.807
A,A(i),100,1000,1000,1000,29,0.7865,0.8125,0.45146590925079266,1,32,0.0028521002277402986,13,1,34,2,2,,0,0,0.752,0,"[[752,248],[179,821]]",0.752,0.821
A,A(i),100,1000,1000,1000,30,0.8265,0.802,0.46179571303471856,2,48,0.004982820718467746,9,1,34,2,2,,0,0,0.788,0,"[[788,212],[135,865]]",0.788,0.865
A,A(i),100,1000,1000,1000,31,0.818,0.793,0.4813539935487392,1,16,0.003251195519653472,15,1,47,2,2,,0,0,0.808,0,"[[808,192],[172,828]]",0.808,0.828
A,A(i),100,1000,1000,1000,32,0.79,0.8055,0.47542528845517185,1,32,0.002729022646464676,16,1,29,2,2,,0,0,0.766,0,"[[766,234],[186,814]]",0.766,0.814
A,A(i),100,1000,1000,1000,33,0.8035,0.813,0.45283967535813324,1,96,0.006516113219667456,15,1,17,2,2,,0,0,0.802,0,"[[802,198],[195,805]]",0.802,0.805
A,A(i),100,1000,1000,1000,34,0.804,0.8235,0.44054855043042573,3,32,0.008593515750363302,6,1,8,2,2,,0,0,0.801,0,"[[801,199],[193,807]]",0.801,0.807
A,A(i),100,1000,1000,1000,35,0.803,0.8105,0.4678018968549992,4,16,0.003486469264602265,9,1,7,2,2,,0,0,0.8,0,"[[806,194],[200,800]]",0.806,0.8
A,A(i),100,1000,1000,1000,36,0.7975,0.821,0.4346808691619748,3,32,0.005045366843134828,18,1,47,2,2,,0,0,0.779,0,"[[779,221],[184,816]]",0.779,0.816
A,A(i),100,1000,1000,1000,37,0.798,0.781,0.4767854393138009,1,80,0.0045622837102969604,5,1,20,2,2,,0,0,0.793,0,"[[803,197],[207,793]]",0.803,0.793
A,A(i),100,1000,1000,1000,38,0.798,0.8095,0.46384302917944803,1,48,0.006082709613834017,17,1,24,2,2,,0,0,0.768,0,"[[768,232],[172,828]]",0.768,0.828
A,A(i),100,1000,1000,1000,39,0.7765,0.7895,0.48385180437681957,2,96,0.006146077772482491,5,1,41,2,2,,0,0,0.753,0,"[[753,247],[200,800]]",0.753,0.8
A,A(i),100,1000,1000,1000,40,0.81,0.8005,0.4668644165043996,2,32,0.002811432114915688,11,1,88,2,2,,0,0,0.778,0,"[[778,222],[158,842]]",0.778,0.842
A,A(i),100,1000,1000,1000,41,0.813,0.8055,0.47226204889748813,1,80,0.008319558682450563,5,1,8,2,2,,0,0,0.775,0,"[[775,225],[149,851]]",0.775,0.851
A,A(i),100,1000,1000,1000,42,0.806,0.7985,0.4584219545130345,2,64,0.00496049364280223,4,1,21,2,2,,0,0,0.771,0,"[[771,229],[159,841]]",0.771,0.841
A,A(i),100,1000,1000,1000,43,0.7915,0.807,0.44839556030394156,2,48,0.005199873316687996,7,1,34,2,2,,0,0,0.765,0,"[[765,235],[182,818]]",0.765,0.818
A,A(i),100,1000,1000,1000,44,0.8055,0.812,0.4344722141684672,1,80,0.007524142327301199,8,1,17,2,2,,0,0,0.763,0,"[[763,237],[152,848]]",0.763,0.848
A,A(i),100,1000,1000,1000,45,0.7955,0.812,0.4422059683858577,1,16,0.0037035672413298013,10,1,76,2,2,,0,0,0.765,0,"[[765,235],[174,826]]",0.765,0.826
A,A(i),100,1000,1000,1000,46,0.821,0.7885,0.47826745027291667,2,64,0.008781809399240293,13,1,10,2,2,,0,0,0.779,0,"[[779,221],[137,863]]",0.779,0.863
A,A(i),100,1000,1000,1000,47,0.795,0.803,0.47046460943119145,2,32,0.006325747916728831,17,1,50,2,2,,0,0,0.768,0,"[[768,232],[178,822]]",0.768,0.822
A,A(i),100,1000,1000,1000,48,0.803,0.7865,0.47056932790386535,3,32,0.0074788289282105,0,1,48,2,2,,0,0,0.8,0,"[[800,200],[194,806]]",0.8,0.806
A,A(i),100,1000,1000,1000,49,0.8155,0.8095,0.4484415799235496,3,32,0.003820322888446164,13,1,58,2,2,,0,0,0.768,0,"[[768,232],[137,863]]",0.768,0.863
A,A(ii),10,100,100,1000,0,0.6245,0.61,0.698634050006707,1,48,0.0020769765023451545,17,1,15,2,2,,0,0,0.622,0,"[[622,378],[373,627]]",0.622,0.627
A,A(ii),10,100,100,1000,1,0.6385,0.685,0.6045481371307022,2,32,0.002872326348449558,7,1,89,2,2,,0,0,0.615,0,"[[662,338],[385,615]]",0.662,0.615
A,A(ii),10,100,100,1000,2,0.5,0.5,0.7048958842116884,1,128,0.0017379838823906313,17,1,1,2,1,1,1,1,0.0,1,"[[1000,0],[1000,0]]",1.0,0.0
A,A(ii),10,100,100,1000,3,0.679,0.75,0.5927969776309587,1,32,0.0045653810724615015,17,1,34,2,2,,0,0,0.626,0,"[[626,374],[268,732]]",0.626,0.732
A,A(ii),10,100,100,1000,4,0.656,0.68,0.6660841827266932,2,16,0.005687173897035168,12,1,33,2,2,,0,0,0.624,0,"[[624,376],[312,688]]",0.624,0.688
A,A(ii),10,100,100,1000,5,0.6285,0.66,0.6460831025176732,2,48,0.009481568050435842,5,1,13,2,2,,0,0,0.589,0,"[[668,332],[411,589]]",0.668,0.589
A,A(ii),10,100,100,1000,6,0.661,0.635,0.6996224322150578,2,16,0.0070748295238251884,6,1,9,2,2,,0,0,0.556,0,"[[766,234],[444,556]]",0.766,0.556
A,A(ii),10,100,100,1000,7,0.5025,0.5,0.6835038752424627,2,64,0.0009508406021178864,4,1,82,2,2,,0,0,0.054,0,"[[54,946],[49,951]]",0.054,0.951
A,A(ii),10,100,100,1000,8,0.4915,0.51,0.7383114897451409,1,112,0.0007963619075228059,8,1,5,2,2,,0,1,0.088,0,"[[895,105],[912,88]]",0.895,0.088
A,A(ii),10,100,100,1000,9,0.6645,0.69,0.6046250675829413,1,64,0.002749006986000766,5,1,18,2,2,,0,0,0.646,0,"[[646,354],[317,683]]",0.646,0.683
A,A(ii),10,100,100,1000,10,0.61,0.675,0.6247785440670913,2,32,0.0073431111689235655,8,1,9,2,2,,0,0,0.486,0,"[[734,266],[514,486]]",0.734,0.486
A,A(ii),10,100,100,1000,11,0.6605,0.685,0.6361642480895621,1,32,0.005104083188464902,17,1,36,2,2,,0,0,0.635,0,"[[635,365],[314,686]]",0.635,0.686
A,A(ii),10,100,100,1000,12,0.667,0.665,0.6481259439523064,1,32,0.0005430035393053419,2,1,141,2,2,,0,0,0.627,0,"[[627,373],[293,707]]",0.627,0.707
A,A(ii),10,100,100,1000,13,0.605,0.65,0.6497407489476733,1,32,0.0009316080076650265,4,1,16,2,2,,0,0,0.468,0,"[[742,258],[532,468]]",0.742,0.468
A,A(ii),10,100,100,1000,14,0.6375,0.635,0.6470796792216424,1,32,0.006209927367054297,15,1,16,2,2,,0,0,0.618,0,"[[657,343],[382,618]]",0.657,0.618
A,A(ii),10,100,100,1000,15,0.6335,0.685,0.6237823535443477,1,96,0.001411651576879458,14,1,123,2,2,,0,0,0.526,0,"[[741,259],[474,526]]",0.741,0.526
A,A(ii),10,100,100,1000,16,0.6335,0.65,0.7372687483815439,1,48,0.00201297217991111,2,1,26,2,2,,0,0,0.626,0,"[[626,374],[359,641]]",0.626,0.641
A,A(ii),10,100,100,1000,17,0.6775,0.685,0.6203829104190954,4,16,0.00357741935609149,2,1,37,2,2,,0,0,0.558,0,"[[558,442],[203,797]]",0.558,0.797
A,A(ii),10,100,100,1000,18,0.5,0.5,0.6931471805599452,4,64,0.0005947601010777768,2,1,1,2,1,1,1,1,0.0,1,"[[1000,0],[1000,0]]",1.0,0.0
A,A(ii),10,100,100,1000,19,0.661,0.68,0.6247367841110963,2,16,0.0010779140070185944,16,1,36,2,2,,0,0,0.632,0,"[[690,310],[368,632]]",0.69,0.632
A,A(ii),10,100,100,1000,20,0.6435,0.655,0.655928311955584,2,80,0.002098548036196581,0,1,78,2,2,,0,0,0.598,0,"[[689,311],[402,598]]",0.689,0.598
A,A(ii),10,100,100,1000,21,0.659,0.65,0.6551456607363462,4,16,0.0037659171703612005,14,1,29,2,2,,0,0,0.608,0,"[[710,290],[392,608]]",0.71,0.608
A,A(ii),10,100,100,1000,22,0.6595,0.67,0.6193097204282368,3,32,0.0024561686068404697,19,1,36,2,2,,0,0,0.616,0,"[[703,297],[384,616]]",0.703,0.616
A,A(ii),10,100,100,1000,23,0.695,0.695,0.6080130943379228,1,16,0.00852210934698031,19,1,29,2,2,,0,0,0.665,0,"[[725,275],[335,665]]",0.725,0.665
A,A(ii),10,100,100,1000,24,0.6425,0.64,0.62948086744952,3,32,0.005052556511444763,0,1,19,2,2,,0,0,0.493,0,"[[792,208],[507,493]]",0.792,0.493
A,A(ii),10,100,100,1000,25,0.5845,0.54,0.7288910685682183,3,16,0.00017930112287007117,7,1,106,2,2,,0,0,0.545,0,"[[545,455],[376,624]]",0.545,0.624
A,A(ii),10,100,100,1000,26,0.658,0.62,0.6528138796145967,2,32,0.009348512339560933,12,1,22,2,2,,0,0,0.642,0,"[[642,358],[326,674]]",0.642,0.674
A,A(ii),10,100,100,1000,27,0.644,0.645,0.6844465960016582,4,16,0.001764950038846258,14,1,39,2,2,,0,0,0.485,0,"[[485,515],[197,803]]",0.485,0.803
A,A(ii),10,100,100,1000,28,0.4515,0.42,0.7529344498252785,1,112,0.00021924196136379034,8,1,11,2,2,,0,1,0.335,0,"[[335,665],[432,568]]",0.335,0.568
A,A(ii),10,100,100,1000,29,0.6575,0.75,0.5686216196241237,1,48,0.001668732966109932,19,1,91,2,2,,0,0,0.61,0,"[[610,390],[295,705]]",0.61,0.705
A,A(ii),10,100,100,1000,30,0.6225,0.525,0.9935231777341161,1,48,0.0038927291422001923,14,1,19,2,2,,0,0,0.505,0,"[[740,260],[495,505]]",0.74,0.505
A,A(ii),10,100,100,1000,31,0.646,0.665,0.6283973858758458,1,80,0.0032288096732008198,6,1,32,2,2,,0,0,0.573,0,"[[719,281],[427,573]]",0.719,0.573
A,A(ii),10,100,100,1000,32,0.6475,0.665,0.6301796999787319,2,16,0.005119519092167753,14,1,12,2,2,,0,0,0.619,0,"[[676,324],[381,619]]",0.676,0.619
A,A(ii),10,100,100,1000,33,0.6645,0.685,0.6401238273622605,1,16,0.0037548204962112685,9,1,31,2,2,,0,0,0.587,0,"[[587,413],[258,742]]",0.587,0.742
A,A(ii),10,100,100,1000,34,0.664,0.74,0.6168722009019312,2,16,0.0061901336277563,14,1,25,2,2,,0,0,0.663,0,"[[663,337],[335,665]]",0.663,0.665
A,A(ii),10,100,100,1000,35,0.6435,0.62,0.6728596765407241,1,48,0.002510612123197858,12,1,32,2,2,,0,0,0.639,0,"[[639,361],[352,648]]",0.639,0.648
A,A(ii),10,100,100,1000,36,0.5,0.5,0.6847138250003044,1,128,0.009108724841962517,13,1,1,2,1,1,1,1,0.0,1,"[[1000,0],[1000,0]]",1.0,0.0
A,A(ii),10,100,100,1000,37,0.5,0.5,0.6931471805599452,2,96,0.0056929817397112425,10,1,1,2,1,1,1,1,0.0,1,"[[1000,0],[1000,0]]",1.0,0.0
A,A(ii),10,100,100,1000,38,0.6365,0.69,0.6066159964853074,1,16,0.0036853292200246398,5,1,39,2,2,,0,0,0.572,0,"[[572,428],[299,701]]",0.572,0.701
A,A(ii),10,100,100,1000,39,0.6395,0.675,0.6268241134349734,2,32,0.009992264308388392,3,1,5,2,2,,0,0,0.638,0,"[[638,362],[359,641]]",0.638,0.641
A,A(ii),10,100,100,1000,40,0.648,0.615,0.7296542330997846,1,64,0.003735420739063208,7,1,21,2,2,,0,0,0.604,0,"[[604,396],[308,692]]",0.604,0.692
A,A(ii),10,100,100,1000,41,0.6815,0.655,0.6298679785398762,3,16,0.009986777610203654,11,1,8,2,2,,0,0,0.648,0,"[[648,352],[285,715]]",0.648,0.715
A,A(ii),10,100,100,1000,42,0.64,0.685,0.6472142439263158,2,32,0.005550234241914281,15,1,41,2,2,,0,0,0.621,0,"[[621,379],[341,659]]",0.621,0.659
A,A(ii),10,100,100,1000,43,0.5,0.5,0.7147269307906408,2,80,0.0007765210833724891,6,1,1,2,1,1,1,1,0.0,1,"[[1000,0],[1000,0]]",1.0,0.0
A,A(ii),10,100,100,1000,44,0.501,0.5,0.6756140533152055,4,32,0.0011755719898924755,8,1,1,2,2,,0,0,0.003,0,"[[999,1],[997,3]]",0.999,0.003
A,A(ii),10,100,100,1000,45,0.669,0.73,0.5738021773880939,1,48,0.008753114269613,15,1,2,2,2,,0,0,0.647,0,"[[691,309],[353,647]]",0.691,0.647
A,A(ii),10,100,100,1000,46,0.465,0.39,0.7401447174288598,1,96,0.00021852414068010393,14,1,19,2,2,,0,1,0.357,0,"[[573,427],[643,357]]",0.573,0.357
A,A(ii),10,100,100,1000,47,0.639,0.67,0.6299444866689045,1,16,0.004728108555754893,2,1,39,2,2,,0,0,0.613,0,"[[665,335],[387,613]]",0.665,0.613
A,A(ii),10,100,100,1000,48,0.658,0.695,0.6156387449620325,1,64,0.005957381829666758,19,1,33,2,2,,0,0,0.591,0,"[[725,275],[409,591]]",0.725,0.591
A,A(ii),10,100,100,1000,49,0.656,0.71,0.6151206549734692,3,16,0.00858291317731532,12,1,9,2,2,,0,0,0.634,0,"[[678,322],[366,634]]",0.678,0.634
A,A(ii),10,1000,1000,1000,0,0.68,0.687,0.6092928869430375,4,32,0.0010540373048617746,0,1,52,2,2,,0,0,0.662,0,"[[662,338],[302,698]]",0.662,0.698
A,A(ii),10,1000,1000,1000,1,0.692,0.6985,0.5964211334225539,4,16,0.009790983698179044,2,1,6,2,2,,0,0,0.615,0,"[[615,385],[231,769]]",0.615,0.769
A,A(ii),10,1000,1000,1000,2,0.6705,0.698,0.5981155083428864,2,64,0.001531396505117905,4,1,101,2,2,,0,0,0.65,0,"[[650,350],[309,691]]",0.65,0.691
A,A(ii),10,1000,1000,1000,3,0.6875,0.6995,0.6049181949741133,1,48,0.009322722543258976,13,1,19,2,2,,0,0,0.609,0,"[[609,391],[234,766]]",0.609,0.766
A,A(ii),10,1000,1000,1000,4,0.6895,0.682,0.604126070276877,1,112,0.00629251387986129,18,1,85,2,2,,0,0,0.59,0,"[[590,410],[211,789]]",0.59,0.789
A,A(ii),10,1000,1000,1000,5,0.6755,0.694,0.6022096020313521,2,32,0.004473981222394941,19,1,40,2,2,,0,0,0.624,0,"[[624,376],[273,727]]",0.624,0.727
A,A(ii),10,1000,1000,1000,6,0.671,0.684,0.6064298817209803,3,32,0.0012291708164839997,6,1,41,2,2,,0,0,0.625,0,"[[625,375],[283,717]]",0.625,0.717
A,A(ii),10,1000,1000,1000,7,0.6685,0.696,0.5971399822522594,2,16,0.0032558838333026476,16,1,22,2,2,,0,0,0.63,0,"[[630,370],[293,707]]",0.63,0.707
A,A(ii),10,1000,1000,1000,8,0.6955,0.685,0.6110859623993635,2,48,0.002517014178566001,15,1,65,2,2,,0,0,0.632,0,"[[632,368],[241,759]]",0.632,0.759
A,A(ii),10,1000,1000,1000,9,0.6675,0.701,0.595956627388169,3,32,0.008095080954521204,14,1,12,2,2,,0,0,0.664,0,"[[671,329],[336,664]]",0.671,0.664
A,A(ii),10,1000,1000,1000,10,0.686,0.698,0.595773165560197,2,32,0.0036150624540015417,1,1,22,2,2,,0,0,0.622,0,"[[622,378],[250,750]]",0.622,0.75
A,A(ii),10,1000,1000,1000,11,0.6835,0.6925,0.5933153320249838,2,48,0.009942080297821627,17,1,21,2,2,,0,0,0.619,0,"[[619,381],[252,748]]",0.619,0.748
A,A(ii),10,1000,1000,1000,12,0.6725,0.6915,0.6055900282722982,2,16,0.001131732027962643,1,1,52,2,2,,0,0,0.588,0,"[[588,412],[243,757]]",0.588,0.757
A,A(ii),10,1000,1000,1000,13,0.6855,0.684,0.6121437250351265,3,16,0.0074525679983570275,16,1,13,2,2,,0,0,0.57,0,"[[570,430],[199,801]]",0.57,0.801
A,A(ii),10,1000,1000,1000,14,0.678,0.686,0.6125939729405178,1,64,0.004218023454053812,0,1,55,2,2,,0,0,0.568,0,"[[568,432],[212,788]]",0.568,0.788
A,A(ii),10,1000,1000,1000,15,0.698,0.6855,0.6116224003245404,2,64,0.008180136762882822,7,1,17,2,2,,0,0,0.622,0,"[[622,378],[226,774]]",0.622,0.774
A,A(ii),10,1000,1000,1000,16,0.7035,0.6835,0.6152483077377856,3,32,0.008482681476041956,18,1,11,2,2,,0,0,0.614,0,"[[614,386],[207,793]]",0.614,0.793
A,A(ii),10,1000,1000,1000,17,0.6845,0.6785,0.6195895408393066,2,16,0.005088361747200282,19,1,48,2,2,,0,0,0.632,0,"[[632,368],[263,737]]",0.632,0.737
A,A(ii),10,1000,1000,1000,18,0.5,0.5,0.6931471805599454,3,80,0.00972162288596657,5,1,1,2,1,1,1,1,0.0,1,"[[1000,0],[1000,0]]",1.0,0.0
A,A(ii),10,1000,1000,1000,19,0.694,0.706,0.6073777190296238,2,80,0.007997064543254457,1,1,7,2,2,,0,0,0.669,0,"[[669,331],[281,719]]",0.669,0.719
A,A(ii),10,1000,1000,1000,20,0.6725,0.6975,0.5933832080161635,2,32,0.0032272723682222173,1,1,39,2,2,,0,0,0.601,0,"[[601,399],[256,744]]",0.601,0.744
A,A(ii),10,1000,1000,1000,21,0.6745,0.6735,0.6175810476936577,1,48,0.004097789598324115,18,1,19,2,2,,0,0,0.645,0,"[[645,355],[296,704]]",0.645,0.704
A,A(ii),10,1000,1000,1000,22,0.6845,0.68,0.6130521111345737,2,16,0.009659955566459702,8,1,12,2,2,,0,0,0.595,0,"[[595,405],[226,774]]",0.595,0.774
A,A(ii),10,1000,1000,1000,23,0.7085,0.6685,0.6180697688331326,1,32,0.0022716365008729053,15,1,21,2,2,,0,0,0.603,0,"[[603,397],[186,814]]",0.603,0.814
A,A(ii),10,1000,1000,1000,24,0.681,0.6795,0.6075635058038085,4,48,0.005688871670577022,11,1,52,2,2,,0,0,0.614,0,"[[614,386],[252,748]]",0.614,0.748
A,A(ii),10,1000,1000,1000,25,0.6965,0.6665,0.6175030393773556,4,48,0.009492727519739516,10,1,46,2,2,,0,0,0.626,0,"[[626,374],[233,767]]",0.626,0.767
A,A(ii),10,1000,1000,1000,26,0.681,0.691,0.6441526610154499,2,64,0.0033654951934855306,9,1,14,2,2,,0,0,0.613,0,"[[613,387],[251,749]]",0.613,0.749
A,A(ii),10,1000,1000,1000,27,0.661,0.6685,0.6247591014974972,2,32,0.009559436444748486,7,1,16,2,2,,0,0,0.595,0,"[[595,405],[273,727]]",0.595,0.727
A,A(ii),10,1000,1000,1000,28,0.6585,0.704,0.5972330607381765,1,16,0.003063411343698258,15,1,17,2,2,,0,0,0.598,0,"[[598,402],[281,719]]",0.598,0.719
A,A(ii),10,1000,1000,1000,29,0.6995,0.6805,0.6121105666933191,2,16,0.006030016867136162,13,1,26,2,2,,0,0,0.605,0,"[[605,395],[206,794]]",0.605,0.794
A,A(ii),10,1000,1000,1000,30,0.684,0.6795,0.632021456378215,2,16,0.006803294730260022,2,1,25,2,2,,0,0,0.619,0,"[[619,381],[251,749]]",0.619,0.749
A,A(ii),10,1000,1000,1000,31,0.6875,0.688,0.5949381718302854,3,48,0.005840718668173524,3,1,57,2,2,,0,0,0.581,0,"[[581,419],[206,794]]",0.581,0.794
A,A(ii),10,1000,1000,1000,32,0.711,0.6855,0.6144386313109894,2,64,0.006562289727671397,1,1,69,2,2,,0,0,0.591,0,"[[591,409],[169,831]]",0.591,0.831
A,A(ii),10,1000,1000,1000,33,0.6905,0.6665,0.6257710881215567,2,32,0.005412592079219972,15,1,20,2,2,,0,0,0.607,0,"[[607,393],[226,774]]",0.607,0.774
A,A(ii),10,1000,1000,1000,34,0.6625,0.6715,0.6183234636394834,2,32,0.0017364680232537927,14,1,16,2,2,,0,0,0.659,0,"[[659,341],[334,666]]",0.659,0.666
A,A(ii),10,1000,1000,1000,35,0.6845,0.7135,0.5839773731358192,1,32,0.0088040787152755,6,1,44,2,2,,0,0,0.648,0,"[[648,352],[279,721]]",0.648,0.721
A,A(ii),10,1000,1000,1000,36,0.6885,0.6785,0.6127216953207762,3,32,0.00943577472483886,16,1,13,2,2,,0,0,0.635,0,"[[635,365],[258,742]]",0.635,0.742
A,A(ii),10,1000,1000,1000,37,0.6855,0.673,0.6119412142718195,1,80,0.0026950563597940677,19,1,122,2,2,,0,0,0.595,0,"[[595,405],[224,776]]",0.595,0.776
A,A(ii),10,1000,1000,1000,38,0.684,0.684,0.6027414165032637,4,32,0.007071945104124492,5,1,28,2,2,,0,0,0.556,0,"[[556,444],[188,812]]",0.556,0.812
A,A(ii),10,1000,1000,1000,39,0.672,0.6875,0.6023595317051915,4,32,0.005394752527599319,0,1,70,2,2,,0,0,0.554,0,"[[554,446],[210,790]]",0.554,0.79
A,A(ii),10,1000,1000,1000,40,0.661,0.6585,0.6369563119506584,3,16,0.00020814563667553108,17,1,166,2,2,,0,0,0.621,0,"[[621,379],[299,701]]",0.621,0.701
A,A(ii),10,1000,1000,1000,41,0.687,0.6825,0.6161803709708709,1,16,0.005281586989265429,9,1,32,2,2,,0,0,0.572,0,"[[572,428],[198,802]]",0.572,0.802
A,A(ii),10,1000,1000,1000,42,0.705,0.6635,0.6368371181438399,2,16,0.0020469043520439517,10,1,32,2,2,,0,0,0.627,0,"[[627,373],[217,783]]",0.627,0.783
A,A(ii),10,1000,1000,1000,43,0.6775,0.676,0.6133549385821273,2,64,0.0037380127822125076,0,1,33,2,2,,0,0,0.566,0,"[[566,434],[211,789]]",0.566,0.789
A,A(ii),10,1000,1000,1000,44,0.6605,0.661,0.632191773128499,1,96,0.008850796124509164,16,1,34,2,2,,0,0,0.564,0,"[[564,436],[243,757]]",0.564,0.757
A,A(ii),10,1000,1000,1000,45,0.679,0.692,0.5991009928216875,1,32,0.0024458819025401893,11,1,68,2,2,,0,0,0.613,0,"[[613,387],[255,745]]",0.613,0.745
A,A(ii),10,1000,1000,1000,46,0.681,0.6685,0.6165546120930642,2,48,0.005815843087017946,18,1,47,2,2,,0,0,0.629,0,"[[629,371],[267,733]]",0.629,0.733
A,A(ii),10,1000,1000,1000,47,0.682,0.694,0.5937568216949872,3,32,0.0031806420411919427,12,1,47,2,2,,0,0,0.673,0,"[[691,309],[327,673]]",0.691,0.673
A,A(ii),10,1000,1000,1000,48,0.6715,0.681,0.6144566559716772,2,48,0.004673019093759462,8,1,11,2,2,,0,0,0.671,0,"[[672,328],[329,671]]",0.672,0.671
A,A(ii),10,1000,1000,1000,49,0.702,0.703,0.5929731306742272,1,16,0.0085301220522853,8,1,44,2,2,,0,0,0.62,0,"[[620,380],[216,784]]",0.62,0.784
A,A(ii),100,100,100,1000,0,0.659,0.675,0.6246998339500587,2,16,0.004569518812900799,11,1,25,2,2,,0,0,0.65,0,"[[668,332],[350,650]]",0.668,0.65
A,A(ii),100,100,100,1000,1,0.641,0.65,0.6870594401874578,4,80,0.009965395828288905,19,1,33,2,2,,0,0,0.636,0,"[[636,364],[354,646]]",0.636,0.646
A,A(ii),100,100,100,1000,2,0.4805,0.5,0.7050453466251395,3,48,0.007047929356799266,8,1,2,2,2,,0,1,0.023,0,"[[23,977],[62,938]]",0.023,0.938
A,A(ii),100,100,100,1000,3,0.641,0.66,0.6524583939902339,1,80,0.0038146264866284253,13,1,89,2,2,,0,0,0.564,0,"[[718,282],[436,564]]",0.718,0.564
A,A(ii),100,100,100,1000,4,0.5,0.5,0.6918343112301685,3,80,0.0006910719496279845,13,1,1,2,1,1,1,1,0.0,1,"[[1000,0],[1000,0]]",1.0,0.0
A,A(ii),100,100,100,1000,5,0.655,0.625,0.6610115394235708,1,48,0.009799301318994239,7,1,22,2,2,,0,0,0.618,0,"[[618,382],[308,692]]",0.618,0.692
A,A(ii),100,100,100,1000,6,0.6635,0.71,0.5952753439869086,2,32,0.007178427382220167,16,1,10,2,2,,0,0,0.656,0,"[[671,329],[344,656]]",0.671,0.656
A,A(ii),100,100,100,1000,7,0.5975,0.61,0.6677535623010914,1,96,0.005496462180509078,10,1,21,2,2,,0,0,0.371,0,"[[824,176],[629,371]]",0.824,0.371
A,A(ii),100,100,100,1000,8,0.5465,0.565,0.6586305560246808,1,64,0.0007852491597541263,15,1,28,2,2,,0,0,0.212,0,"[[881,119],[788,212]]",0.881,0.212
A,A(ii),100,100,100,1000,9,0.66,0.73,0.6206529563427526,1,16,0.00209512049644768,3,1,40,2,2,,0,0,0.626,0,"[[626,374],[306,694]]",0.626,0.694
A,A(ii),100,100,100,1000,10,0.6675,0.73,0.5973225989856799,3,48,0.006328933410099401,6,1,88,2,2,,0,0,0.659,0,"[[659,341],[324,676]]",0.659,0.676
A,A(ii),100,100,100,1000,11,0.648,0.73,0.5658000565587826,2,16,0.001783319246327574,14,1,23,2,2,,0,0,0.555,0,"[[741,259],[445,555]]",0.741,0.555
A,A(ii),100,100,100,1000,12,0.641,0.71,0.5894657816446832,1,48,0.0023453019755932565,7,1,39,2,2,,0,0,0.516,0,"[[766,234],[484,516]]",0.766,0.516
A,A(ii),100,100,100,1000,13,0.6625,0.685,0.6265390183529914,1,48,0.006279155895912517,10,1,17,2,2,,0,0,0.626,0,"[[626,374],[301,699]]",0.626,0.699
A,A(ii),100,100,100,1000,14,0.6505,0.67,0.666930148625621,3,16,0.009353927508384628,1,1,9,2,2,,0,0,0.628,0,"[[673,327],[372,628]]",0.673,0.628
A,A(ii),100,100,100,1000,15,0.66,0.67,0.6533087030077398,4,48,0.009362904884494002,19,1,51,2,2,,0,0,0.574,0,"[[574,426],[254,746]]",0.574,0.746
A,A(ii),100,100,100,1000,16,0.4985,0.495,0.7052807533565744,2,96,0.000959145539692673,8,1,1,2,2,,0,1,0.004,0,"[[4,996],[7,993]]",0.004,0.993
A,A(ii),100,100,100,1000,17,0.4635,0.475,0.6940997813560336,3,112,0.00010735182554190104,3,1,1,2,2,,0,1,0.17,0,"[[757,243],[830,170]]",0.757,0.17
A,A(ii),100,100,100,1000,18,0.6455,0.66,0.6909592353743312,4,16,0.006032193662403679,8,1,25,2,2,,0,0,0.631,0,"[[631,369],[340,660]]",0.631,0.66
A,A(ii),100,100,100,1000,19,0.491,0.49,0.6973318715966829,2,80,0.0002580356950036714,8,1,2,2,2,,0,1,0.063,0,"[[63,937],[81,919]]",0.063,0.919
A,A(ii),100,100,100,1000,20,0.643,0.71,0.6520865244774049,3,48,0.005712237480567688,4,1,21,2,2,,0,0,0.633,0,"[[633,367],[347,653]]",0.633,0.653
A,A(ii),100,100,100,1000,21,0.6615,0.68,0.6554698561869461,1,128,0.0015724122586105096,3,1,2,2,2,,0,0,0.612,0,"[[612,388],[289,711]]",0.612,0.711
A,A(ii),100,100,100,1000,22,0.4975,0.51,0.6904335227426691,4,48,0.0013193616842830985,17,1,1,2,2,,0,1,0.007,0,"[[988,12],[993,7]]",0.988,0.007
A,A(ii),100,100,100,1000,23,0.599,0.58,0.6791033969684497,1,112,0.0014991587443008228,7,1,54,2,2,,0,0,0.492,0,"[[706,294],[508,492]]",0.706,0.492
A,A(ii),100,100,100,1000,24,0.662,0.66,0.6666649100544135,1,48,0.005786364672983169,1,1,51,2,2,,0,0,0.608,0,"[[716,284],[392,608]]",0.716,0.608
A,A(ii),100,100,100,1000,25,0.669,0.635,0.6534447763976138,1,80,0.007437782376901215,19,1,13,2,2,,0,0,0.616,0,"[[616,384],[278,722]]",0.616,0.722
A,A(ii),100,100,100,1000,26,0.667,0.62,0.6633515814234796,2,32,0.006704831027881144,18,1,18,2,2,,0,0,0.636,0,"[[698,302],[364,636]]",0.698,0.636
A,A(ii),100,100,100,1000,27,0.5945,0.67,0.6250331932244241,1,112,0.00868505290720931,1,1,22,2,2,,0,0,0.456,0,"[[733,267],[544,456]]",0.733,0.456
A,A(ii),100,100,100,1000,28,0.637,0.695,0.6399746399554338,2,80,0.006290268092443977,3,1,31,2,2,,0,0,0.562,0,"[[712,288],[438,562]]",0.712,0.562
A,A(ii),100,100,100,1000,29,0.674,0.61,0.6752991386410554,2,96,0.006886604654417203,17,1,35,2,2,,0,0,0.619,0,"[[619,381],[271,729]]",0.619,0.729
A,A(ii),100,100,100,1000,30,0.5,0.5,0.6942543517024916,2,80,0.007519325644786613,3,1,1,2,1,1,1,1,0.0,1,"[[1000,0],[1000,0]]",1.0,0.0
A,A(ii),100,100,100,1000,31,0.5,0.5,0.6931471805599452,4,96,0.0031247008876021127,4,1,1,2,1,1,1,1,0.0,1,"[[1000,0],[1000,0]]",1.0,0.0
A,A(ii),100,100,100,1000,32,0.644,0.67,0.6222139967951074,2,48,0.0021341855649255753,17,1,88,2,2,,0,0,0.564,0,"[[724,276],[436,564]]",0.724,0.564
A,A(ii),100,100,100,1000,33,0.642,0.775,0.5671525741290219,4,16,0.0037815779515516772,19,1,17,2,2,,0,0,0.558,0,"[[726,274],[442,558]]",0.726,0.558
A,A(ii),100,100,100,1000,34,0.635,0.725,0.6264881830553197,1,32,0.006884158643167867,13,1,8,2,2,,0,0,0.544,0,"[[544,456],[274,726]]",0.544,0.726
A,A(ii),100,100,100,1000,35,0.645,0.71,0.6178323406372589,1,32,0.009240037614206277,6,1,7,2,2,,0,0,0.623,0,"[[623,377],[333,667]]",0.623,0.667
A,A(ii),100,100,100,1000,36,0.503,0.525,0.6921719175360014,3,48,0.009260409861439726,2,1,1,2,2,,0,0,0.055,0,"[[951,49],[945,55]]",0.951,0.055
A,A(ii),100,100,100,1000,37,0.6695,0.64,0.6908146510769168,2,16,0.009948760614177484,17,1,18,2,2,,0,0,0.591,0,"[[591,409],[252,748]]",0.591,0.748
A,A(ii),100,100,100,1000,38,0.645,0.77,0.5481922158958595,1,64,0.007284894091893325,10,1,11,2,2,,0,0,0.591,0,"[[699,301],[409,591]]",0.699,0.591
A,A(ii),100,100,100,1000,39,0.6575,0.67,0.6616949451776432,1,96,0.005317178924918026,8,1,49,2,2,,0,0,0.651,0,"[[651,349],[336,664]]",0.651,0.664
A,A(ii),100,100,100,1000,40,0.6635,0.72,0.6393869252426693,1,64,0.0028283846386296728,19,1,50,2,2,,0,0,0.632,0,"[[695,305],[368,632]]",0.695,0.632
A,A(ii),100,100,100,1000,41,0.633,0.72,0.6455124601778891,2,48,0.008386626650043201,8,1,15,2,2,,0,0,0.523,0,"[[523,477],[257,743]]",0.523,0.743
A,A(ii),100,100,100,1000,42,0.634,0.6,0.724882313499914,1,112,0.006699593550379023,19,1,10,2,2,,0,0,0.516,0,"[[516,484],[248,752]]",0.516,0.752
A,A(ii),100,100,100,1000,43,0.652,0.68,0.6111925794326395,4,16,0.007877935012510632,3,1,4,2,2,,0,0,0.566,0,"[[566,434],[262,738]]",0.566,0.738
A,A(ii),100,100,100,1000,44,0.594,0.61,0.6282479880061973,1,96,0.006769455910327485,2,1,64,2,2,,0,0,0.415,0,"[[773,227],[585,415]]",0.773,0.415
A,A(ii),100,100,100,1000,45,0.6585,0.63,0.6733955663834245,1,48,0.00782926525026501,3,1,15,2,2,,0,0,0.628,0,"[[628,372],[311,689]]",0.628,0.689
A,A(ii),100,100,100,1000,46,0.683,0.6,0.6528062431435739,2,32,0.006709804708963777,11,1,10,2,2,,0,0,0.594,0,"[[594,406],[228,772]]",0.594,0.772
A,A(ii),100,100,100,1000,47,0.6535,0.705,0.6012722034581873,3,16,0.005609965020775633,10,1,15,2,2,,0,0,0.6,0,"[[707,293],[400,600]]",0.707,0.6
A,A(ii),100,100,100,1000,48,0.6665,0.655,0.6348958688879778,1,48,0.00597106416360752,18,1,77,2,2,,0,0,0.622,0,"[[622,378],[289,711]]",0.622,0.711
A,A(ii),100,100,100,1000,49,0.6525,0.735,0.6444774933769577,2,64,0.008248837137511832,6,1,20,2,2,,0,0,0.635,0,"[[635,365],[330,670]]",0.635,0.67
A,A(ii),100,1000,1000,1000,0,0.69,0.683,0.6136131475039247,2,64,0.004192948229481077,18,1,59,2,2,,0,0,0.591,0,"[[591,409],[211,789]]",0.591,0.789
A,A(ii),100,1000,1000,1000,1,0.689,0.673,0.6151348753042958,1,80,0.00810038837284098,3,1,22,2,2,,0,0,0.635,0,"[[635,365],[257,743]]",0.635,0.743
A,A(ii),100,1000,1000,1000,2,0.7025,0.686,0.6098201974192295,3,32,0.0018762326054684556,5,1,67,2,2,,0,0,0.653,0,"[[653,347],[248,752]]",0.653,0.752
A,A(ii),100,1000,1000,1000,3,0.6825,0.698,0.6000677512356714,3,48,0.009138379760539187,1,1,39,2,2,,0,0,0.593,0,"[[593,407],[228,772]]",0.593,0.772
A,A(ii),100,1000,1000,1000,4,0.5,0.5,0.6948119812945058,4,48,0.009605666579899272,5,1,1,2,1,1,1,1,0.0,1,"[[1000,0],[1000,0]]",1.0,0.0
A,A(ii),100,1000,1000,1000,5,0.676,0.674,0.6206155448766217,4,32,0.004576727545133896,13,1,42,2,2,,0,0,0.599,0,"[[599,401],[247,753]]",0.599,0.753
A,A(ii),100,1000,1000,1000,6,0.6765,0.694,0.6256673022322466,1,112,0.0029446513436334476,15,1,18,2,2,,0,0,0.613,0,"[[613,387],[260,740]]",0.613,0.74
A,A(ii),100,1000,1000,1000,7,0.676,0.6725,0.6192098485032782,3,48,0.0008100480072585808,11,1,54,2,2,,0,0,0.611,0,"[[611,389],[259,741]]",0.611,0.741
A,A(ii),100,1000,1000,1000,8,0.6795,0.6905,0.5964503689209819,2,64,0.006755590388617188,2,1,9,2,2,,0,0,0.637,0,"[[637,363],[278,722]]",0.637,0.722
A,A(ii),100,1000,1000,1000,9,0.6555,0.695,0.6017653351244483,1,48,0.006658021551101592,12,1,40,2,2,,0,0,0.613,0,"[[613,387],[302,698]]",0.613,0.698
A,A(ii),100,1000,1000,1000,10,0.677,0.688,0.599107102203803,2,96,0.006339677276792305,4,1,23,2,2,,0,0,0.578,0,"[[578,422],[224,776]]",0.578,0.776
A,A(ii),100,1000,1000,1000,11,0.687,0.6915,0.6001617186467013,2,32,0.00499577658560997,8,1,11,2,2,,0,0,0.624,0,"[[624,376],[250,750]]",0.624,0.75
A,A(ii),100,1000,1000,1000,12,0.658,0.667,0.6272326770956945,4,32,0.003012553977406928,19,1,28,2,2,,0,0,0.621,0,"[[621,379],[305,695]]",0.621,0.695
A,A(ii),100,1000,1000,1000,13,0.6685,0.691,0.5903958532335482,3,48,0.007528288726853837,18,1,34,2,2,,0,0,0.559,0,"[[559,441],[222,778]]",0.559,0.778
A,A(ii),100,1000,1000,1000,14,0.669,0.686,0.611309953401792,2,64,0.0035663409617010017,2,1,62,2,2,,0,0,0.661,0,"[[661,339],[323,677]]",0.661,0.677
A,A(ii),100,1000,1000,1000,15,0.5,0.5,0.6931471805599454,2,112,0.004943661176288676,1,1,1,2,1,1,1,1,0.0,1,"[[1000,0],[1000,0]]",1.0,0.0
A,A(ii),100,1000,1000,1000,16,0.6775,0.68,0.608746070297157,1,96,0.009771184492724206,9,1,25,2,2,,0,0,0.591,0,"[[591,409],[236,764]]",0.591,0.764
A,A(ii),100,1000,1000,1000,17,0.7005,0.684,0.6060083301928223,2,112,0.009050279204655372,0,1,30,2,2,,0,0,0.689,0,"[[712,288],[311,689]]",0.712,0.689
A,A(ii),100,1000,1000,1000,18,0.664,0.6915,0.6072040915431218,3,80,0.007270345423926161,11,1,28,2,2,,0,0,0.659,0,"[[659,341],[331,669]]",0.659,0.669
A,A(ii),100,1000,1000,1000,19,0.673,0.6795,0.6153849329880914,1,96,0.0075350788123035636,14,1,59,2,2,,0,0,0.613,0,"[[613,387],[267,733]]",0.613,0.733
A,A(ii),100,1000,1000,1000,20,0.672,0.6865,0.6093463381797579,2,80,0.004344094464470511,12,1,18,2,2,,0,0,0.67,0,"[[674,326],[330,670]]",0.674,0.67
A,A(ii),100,1000,1000,1000,21,0.6715,0.6745,0.6182218419360158,3,64,0.00446091702326168,11,1,43,2,2,,0,0,0.65,0,"[[693,307],[350,650]]",0.693,0.65
A,A(ii),100,1000,1000,1000,22,0.684,0.6715,0.6149153429730753,2,48,0.0054615736955641045,14,1,26,2,2,,0,0,0.614,0,"[[614,386],[246,754]]",0.614,0.754
A,A(ii),100,1000,1000,1000,23,0.6655,0.691,0.6183818591647648,3,48,0.0027895282574598593,13,1,74,2,2,,0,0,0.626,0,"[[626,374],[295,705]]",0.626,0.705
A,A(ii),100,1000,1000,1000,24,0.691,0.688,0.604469698366081,2,64,0.007318861408027816,12,1,42,2,2,,0,0,0.626,0,"[[626,374],[244,756]]",0.626,0.756
A,A(ii),100,1000,1000,1000,25,0.6855,0.7055,0.5911134087316728,1,96,0.008236014031795125,8,1,17,2,2,,0,0,0.646,0,"[[646,354],[275,725]]",0.646,0.725
A,A(ii),100,1000,1000,1000,26,0.68,0.688,0.6187784352179255,1,128,0.006679124611773554,7,1,6,2,2,,0,0,0.644,0,"[[644,356],[284,716]]",0.644,0.716
A,A(ii),100,1000,1000,1000,27,0.661,0.683,0.6204430427574585,1,32,0.00898432518717549,14,1,7,2,2,,0,0,0.618,0,"[[618,382],[296,704]]",0.618,0.704
A,A(ii),100,1000,1000,1000,28,0.6955,0.676,0.6309129564438087,3,80,0.0035947425438897537,15,1,18,2,2,,0,0,0.638,0,"[[638,362],[247,753]]",0.638,0.753
A,A(ii),100,1000,1000,1000,29,0.693,0.6815,0.6189866866527288,3,32,0.0030200270479863595,3,1,53,2,2,,0,0,0.624,0,"[[624,376],[238,762]]",0.624,0.762
A,A(ii),100,1000,1000,1000,30,0.6835,0.678,0.6115914194503473,2,64,0.007061976431183116,15,1,21,2,2,,0,0,0.642,0,"[[642,358],[275,725]]",0.642,0.725
A,A(ii),100,1000,1000,1000,31,0.7025,0.693,0.6140071964495242,4,16,0.0063085265147553036,1,1,17,2,2,,0,0,0.608,0,"[[608,392],[203,797]]",0.608,0.797
A,A(ii),100,1000,1000,1000,32,0.681,0.6915,0.6571845625468354,3,112,0.006061121086629497,17,1,18,2,2,,0,0,0.553,0,"[[553,447],[191,809]]",0.553,0.809
A,A(ii),100,1000,1000,1000,33,0.689,0.679,0.6126815601471491,4,32,0.007254285205536994,0,1,15,2,2,,0,0,0.622,0,"[[622,378],[244,756]]",0.622,0.756
A,A(ii),100,1000,1000,1000,34,0.684,0.673,0.6247628515673087,1,96,0.005986067245092341,14,1,33,2,2,,0,0,0.597,0,"[[597,403],[229,771]]",0.597,0.771
A,A(ii),100,1000,1000,1000,35,0.699,0.67,0.6195688869403568,2,32,0.0010710996468829236,8,1,29,2,2,,0,0,0.678,0,"[[678,322],[280,720]]",0.678,0.72
A,A(ii),100,1000,1000,1000,36,0.5845,0.608,0.686000364038688,2,80,0.00736207668852698,5,1,14,2,2,,0,0,0.471,0,"[[698,302],[529,471]]",0.698,0.471
A,A(ii),100,1000,1000,1000,37,0.688,0.6905,0.5979287679439097,3,48,0.008590893070923483,8,1,37,2,2,,0,0,0.588,0,"[[588,412],[212,788]]",0.588,0.788
A,A(ii),100,1000,1000,1000,38,0.6765,0.715,0.5814856486423841,1,112,0.0049697382061031446,15,1,32,2,2,,0,0,0.622,0,"[[622,378],[269,731]]",0.622,0.731
A,A(ii),100,1000,1000,1000,39,0.687,0.6805,0.6213442015815694,4,16,0.008562883080667662,4,1,17,2,2,,0,0,0.592,0,"[[592,408],[218,782]]",0.592,0.782
A,A(ii),100,1000,1000,1000,40,0.68,0.6945,0.6019041133521132,1,16,0.008623401800453342,4,1,22,2,2,,0,0,0.648,0,"[[648,352],[288,712]]",0.648,0.712
A,A(ii),100,1000,1000,1000,41,0.6635,0.674,0.6173276627073163,2,80,0.008547459545712257,18,1,33,2,2,,0,0,0.583,0,"[[583,417],[256,744]]",0.583,0.744
A,A(ii),100,1000,1000,1000,42,0.6785,0.6875,0.6201036688734216,2,16,0.008067582102095234,17,1,24,2,2,,0,0,0.613,0,"[[613,387],[256,744]]",0.613,0.744
A,A(ii),100,1000,1000,1000,43,0.703,0.6935,0.6084318391518221,1,64,0.006830082784898707,5,1,30,2,2,,0,0,0.646,0,"[[646,354],[240,760]]",0.646,0.76
A,A(ii),100,1000,1000,1000,44,0.6755,0.6835,0.5988445395491413,1,32,0.0019048768285649287,3,1,43,2,2,,0,0,0.643,0,"[[643,357],[292,708]]",0.643,0.708
A,A(ii),100,1000,1000,1000,45,0.678,0.6855,0.602701484194315,2,48,0.00593618289663288,8,1,24,2,2,,0,0,0.572,0,"[[572,428],[216,784]]",0.572,0.784
A,A(ii),100,1000,1000,1000,46,0.6825,0.647,0.6265799838307369,3,64,0.006010992052493595,8,1,44,2,2,,0,0,0.563,0,"[[563,437],[198,802]]",0.563,0.802
A,A(ii),100,1000,1000,1000,47,0.676,0.7075,0.5819200328130609,2,32,0.004406793199439976,7,1,14,2,2,,0,0,0.631,0,"[[631,369],[279,721]]",0.631,0.721
A,A(ii),100,1000,1000,1000,48,0.687,0.681,0.6107049841394372,2,16,0.007722969812554111,11,1,14,2,2,,0,0,0.642,0,"[[642,358],[268,732]]",0.642,0.732
A,A(ii),100,1000,1000,1000,49,0.688,0.6925,0.6004106303887476,1,112,0.00812131524302683,12,1,79,2,2,,0,0,0.594,0,"[[594,406],[218,782]]",0.594,0.782
