scenario,M,N_train_per_class,N_test_per_class,N_auxiliary_per_class,repetition,D,plugin_accuracy,fit_seconds,maximum_kkt_residual,maximum_train_outside_rate,class1_accuracy,drift_mse_class1,class2_accuracy,drift_mse_class2,class3_accuracy,drift_mse_class3,class4_accuracy,drift_mse_class4,class5_accuracy,drift_mse_class5
B,10,100,1000,1000,0,20,0.8882,0.25685741599590983,1.976829130438748e-14,0.0,0.914,3.1680542834791754,0.907,0.7250294096313088,0.833,4.167593779755916,0.864,0.6372500923717533,0.923,2.7981662405959797
B,10,100,1000,1000,1,20,0.889,0.26634812500560656,1.806982219770688e-14,0.0,0.918,2.35397783055847,0.853,0.5935484270780996,0.86,1.3065324680750534,0.896,0.4842779206947279,0.918,2.016366820586983
B,10,100,1000,1000,2,20,0.8896,0.24320854200050235,6.860518133807599e-15,0.0,0.929,2.9758568602447153,0.904,0.8492798556869237,0.837,0.967176428681997,0.886,0.9240050271903354,0.892,2.7116560844163575
B,10,100,1000,1000,3,20,0.8854,0.23840512499737088,6.653817578413542e-15,0.0,0.917,2.907088415362401,0.862,3.3793626740414315,0.867,2.1172002351140145,0.861,0.5860536049764542,0.92,2.2594334894944943
B,10,100,1000,1000,4,20,0.881,0.28151445800904185,7.770512125213562e-15,0.0,0.87,3.7866670680936667,0.877,0.7219264930171002,0.858,0.9575695820661498,0.869,0.48949291744566553,0.931,2.7982228979031816
B,10,100,1000,1000,5,20,0.8846,0.2462119160045404,8.866263426317772e-15,0.0,0.961,1.875416796940378,0.799,1.2431848808280979,0.87,0.4281777470180047,0.884,0.431916790162697,0.909,2.6280415923511806
B,10,100,1000,1000,6,20,0.8814,0.2278863329993328,9.96556935415377e-15,0.0,0.904,4.502530180815615,0.843,2.5850312330715597,0.87,0.22538451077339122,0.894,0.7219737075509253,0.896,2.843252261477637
B,10,100,1000,1000,7,20,0.89,0.26846945799479727,6.2896076390579136e-15,0.0,0.948,2.5300287885562995,0.843,1.1282598655713623,0.869,0.3763621144415255,0.887,2.2868820507531984,0.903,4.295859578952945
B,10,100,1000,1000,8,20,0.8892,0.25740654100081883,1.5985713965061242e-14,0.0,0.928,3.930932512222817,0.87,1.3494304943360584,0.82,1.1609164162367869,0.87,0.6535662155922498,0.958,1.8017239123966966
B,10,100,1000,1000,9,20,0.891,0.2662180419865763,2.6111540530781837e-14,0.0,0.919,2.642868497537546,0.869,1.1959213630271845,0.866,0.2517689344131418,0.86,0.7711201480602113,0.941,4.267031247294382
B,10,100,1000,1000,10,20,0.8898,0.24930570799915586,3.97310154818779e-14,0.0,0.896,3.9491027617275423,0.893,0.924810384765063,0.865,1.8076394470301518,0.856,0.3662065330452781,0.939,2.852291766814926
B,10,100,1000,1000,11,20,0.884,0.264373792000697,1.8510136081456268e-14,0.0,0.917,2.389512069996152,0.861,0.5155333870876047,0.869,1.999951257081304,0.849,0.8482572860906111,0.924,2.2106521131966232
B,10,100,1000,1000,12,20,0.8934,0.24564479099353775,7.509612306368917e-15,0.0,0.919,2.3667416700034507,0.878,1.2872568438687368,0.858,0.42408876234707565,0.87,0.31245230341604535,0.942,3.4495158592332067
B,10,100,1000,1000,13,20,0.8882,0.24504179200448561,5.0747450046158994e-14,0.0,0.931,2.096698898945313,0.87,1.150303624348105,0.851,0.782235782302326,0.883,0.7139122798911383,0.906,5.266605315616371
B,10,100,1000,1000,14,20,0.8738,0.25042941700667143,1.3556291979505144e-14,0.0,0.924,3.2047269065444683,0.889,1.7625207783643166,0.859,1.2405441286127192,0.852,0.7883345140666245,0.845,4.340136457932596
B,10,100,1000,1000,15,20,0.8776,0.25424624999868684,1.1408586487815416e-14,0.0,0.908,2.7244543790923035,0.816,1.3871917394305655,0.87,1.7585162034193322,0.894,0.4340224406012807,0.9,2.463162117748945
B,10,100,1000,1000,16,20,0.8916,0.3741056250000838,2.06407917574937e-14,0.0,0.954,4.101894868395088,0.825,1.2074655072909672,0.869,1.0706858224920772,0.865,0.7244909471879326,0.945,2.6879901750793977
B,10,100,1000,1000,17,20,0.8832,0.22835970799496863,1.1250175943667948e-14,0.0,0.914,2.332880027542729,0.893,1.161148323587963,0.833,2.329261044546233,0.88,0.8860258214794925,0.896,2.6219288704531856
B,10,100,1000,1000,18,20,0.8748,0.23827487499511335,7.845040815078037e-15,0.0,0.916,2.8539153077538724,0.788,0.9563795945895729,0.869,0.9883395022072476,0.861,0.35540020431384256,0.94,3.7114709923929463
B,10,100,1000,1000,19,20,0.8824,0.23704862500017043,9.956019512364782e-15,0.0,0.916,1.9706034269652584,0.867,2.482616974741004,0.842,2.3521628971329753,0.89,0.8233688023001631,0.897,4.816012656450959
B,10,100,1000,1000,20,20,0.8886,0.2579682500072522,9.027927052627361e-15,0.0,0.919,2.9248361086950934,0.867,1.128592566197384,0.86,0.5809820585640412,0.867,0.8624739131352608,0.93,2.8675642788580062
B,10,100,1000,1000,21,20,0.8788,0.2520260000019334,5.08629485650813e-15,0.0,0.916,2.3534106776620707,0.88,2.3679122942143214,0.861,0.4307265055649297,0.808,0.8831053690888472,0.929,3.1784815115840526
B,10,100,1000,1000,22,20,0.886,0.2700593750050757,2.613943623495378e-14,0.0,0.924,4.991884649082359,0.869,2.0153992531868896,0.866,1.7611948846367425,0.854,2.1657668118102467,0.917,2.522648150586621
B,10,100,1000,1000,23,20,0.8934,0.2477641669975128,1.0007387313081879e-14,0.0,0.928,3.256560372615164,0.859,0.6453951474392176,0.863,0.17508788765139185,0.898,0.6171393222098112,0.919,2.1072284468244207
B,10,100,1000,1000,24,20,0.895,0.27451425000617746,9.528514392467955e-15,0.0,0.948,2.2117617870735984,0.859,1.0672392767481518,0.859,1.6138951352601103,0.863,0.5106715662868,0.946,2.9007923987095663
B,10,100,1000,1000,25,20,0.896,0.25186254100117367,8.595759193406337e-15,0.0,0.925,2.616748856922183,0.879,0.6170343306140387,0.885,0.2303095740846148,0.869,3.9129398636146666,0.922,2.7637658173138058
B,10,100,1000,1000,26,20,0.874,0.22407141700387,1.5080820107633814e-14,0.0,0.934,3.5110427384619602,0.849,1.1960888550004056,0.83,2.1700307269464956,0.839,1.8523862671744002,0.918,1.9964153666704907
B,10,100,1000,1000,27,20,0.8892,0.2691635840019444,3.8497028201142654e-15,0.0,0.944,2.2662713051143504,0.876,0.7462303748504039,0.825,0.7577025760283438,0.878,0.4762805707969106,0.923,2.6977568575674535
B,10,100,1000,1000,28,20,0.8818,0.25986254200688563,2.4888021375185022e-14,0.0,0.908,2.987269938658125,0.848,1.3553470924480677,0.859,0.3408427498608244,0.853,0.36855703796162537,0.941,3.13554541167716
B,10,100,1000,1000,29,20,0.8934,0.25705754100636113,2.2199673818042304e-14,0.0,0.941,2.094972655407447,0.887,0.9585728606087758,0.814,6.412609958776092,0.902,1.4790603667737248,0.923,2.644861666142626
B,10,100,1000,1000,30,20,0.8788,0.2771207919868175,1.5121711258750606e-14,0.0,0.935,2.280408848008113,0.854,2.7294990713008023,0.818,4.113599530448616,0.873,0.5553413369655166,0.914,3.321607380104819
B,10,100,1000,1000,31,20,0.883,0.22318429200095125,1.0139888979390235e-14,0.0,0.881,2.670641820502434,0.886,1.7356791334685997,0.85,0.3615653564188699,0.87,0.9128081301713747,0.928,1.712611463756993
B,10,100,1000,1000,32,20,0.881,0.24689024999679532,4.631095455173047e-15,0.0,0.927,2.2961267468265616,0.855,0.510661070900381,0.866,1.7560101740802883,0.869,0.8106366636247324,0.888,3.2208450401197357
B,10,100,1000,1000,33,20,0.901,0.2763280829967698,6.654732136520295e-15,0.0,0.91,1.7284552894496836,0.894,1.2076750609264102,0.888,0.8125184820565401,0.897,0.8929018565943355,0.916,1.937444320816825
B,10,100,1000,1000,34,20,0.8966,0.23100883299775887,6.401621419170727e-15,0.0,0.922,3.1372738316162394,0.898,0.7465536313089441,0.857,2.293330648387586,0.873,1.7426973636429026,0.933,2.9082423968035633
B,10,100,1000,1000,35,20,0.8848,0.2851885830023093,8.293569569982037e-15,0.0,0.907,2.7633836875205895,0.89,1.123850991721814,0.85,0.526530764707955,0.846,0.6387669790957572,0.931,1.9816688019830582
B,10,100,1000,1000,36,20,0.8848,0.24370312500104774,7.666045423128568e-15,0.0,0.879,2.3187655865726935,0.867,0.5114547399399305,0.878,0.7680505901374357,0.887,2.5014722970821146,0.913,2.0553963105234727
B,10,100,1000,1000,37,20,0.8828,0.2531299999973271,1.1155058016411268e-14,0.0,0.911,4.154481462996668,0.88,0.9145190867737584,0.842,0.5825729258533023,0.879,1.4830921243422186,0.902,2.7242077117225403
B,10,100,1000,1000,38,20,0.883,0.2690887089993339,9.07888139041871e-15,0.0,0.935,3.238406715382553,0.854,1.036394399471479,0.854,1.3459587129166533,0.871,1.0928601039768395,0.901,2.354370192375965
B,10,100,1000,1000,39,20,0.886,0.25902262498857453,1.3038714573573605e-14,0.0,0.943,5.4188733256156745,0.828,0.8884147261096083,0.85,0.7673968871150337,0.862,2.4117170159026955,0.947,1.945850553230376
B,10,100,1000,1000,40,20,0.8826,0.2672308330074884,8.642491379229454e-15,0.0,0.925,1.7470611151064837,0.884,0.8771534921058514,0.862,1.0298715974841561,0.872,0.5223385664761695,0.87,3.4619427457698606
B,10,100,1000,1000,41,20,0.885,0.25809908300288953,8.647234806990425e-15,0.0,0.929,3.1127810507455154,0.85,1.758496261008067,0.847,0.5275685976871219,0.866,1.441018132533861,0.933,3.4595133826751363
B,10,100,1000,1000,42,20,0.893,0.2599418330064509,2.2842159862971424e-14,0.0,0.929,2.9553560066357614,0.84,0.6065772169030721,0.873,0.8099312788176986,0.879,1.7996938192534715,0.944,3.054606928039278
B,10,100,1000,1000,43,20,0.896,0.25313483299396466,1.1150360532720787e-14,0.0,0.949,2.8320763292936224,0.861,0.5044750780115215,0.875,0.9165682823136618,0.871,1.4013596774017896,0.924,2.6774714358403786
B,10,100,1000,1000,44,20,0.9028,0.26163049999740906,2.263016455734411e-14,0.0,0.933,2.4112794572620873,0.899,1.3666951225643533,0.852,1.4465187879149903,0.886,1.626542900400169,0.944,2.107752454168007
B,10,100,1000,1000,45,20,0.8896,0.23691879100806545,2.2004846834617103e-14,0.0,0.937,3.5894706546407376,0.87,0.8051789284519687,0.833,1.288180353326844,0.889,0.7955940815401651,0.919,3.242720753972658
B,10,100,1000,1000,46,20,0.8882,0.25422129199432675,1.2153979666840108e-14,0.0,0.898,4.9048872346704,0.887,1.8195927657107183,0.857,0.23759785215409926,0.882,0.7496871325349386,0.917,2.0411427944624125
B,10,100,1000,1000,47,20,0.8934,0.24538858300365973,6.824537773308092e-15,0.0,0.945,2.9981033228413865,0.878,1.3329461470771367,0.85,0.7966730973980523,0.874,0.5259693557042113,0.92,2.8273496750524196
B,10,100,1000,1000,48,20,0.891,0.257407459008391,1.105986517816679e-14,0.0,0.941,2.664669302955052,0.857,0.8699045716266671,0.881,0.3439469695627906,0.864,1.1249521512372256,0.912,4.491523619133214
B,10,100,1000,1000,49,20,0.8796,0.23968420799064916,9.702693340401836e-15,0.0,0.931,1.9760325708630588,0.855,0.44147123518231784,0.837,2.683888855620632,0.871,1.2612233104189483,0.904,3.5869153290906137
B,10,1000,1000,1000,0,20,0.8974,0.2946478749945527,1.0830875944640334e-14,0.0,0.934,1.8411143523702842,0.884,0.26226566496889625,0.851,0.07245301776506041,0.893,0.22388028365072396,0.925,1.6959726271312945
B,10,1000,1000,1000,1,20,0.9018,0.31003883300581947,6.479764618648826e-15,0.0,0.925,1.8631937232991536,0.88,0.22966472846495575,0.868,0.05191030104052213,0.89,0.17114165518458133,0.946,1.6431023883879843
B,10,1000,1000,1000,2,20,0.9092,0.3241949579969514,8.25805947841566e-15,0.0,0.939,1.667667140262552,0.891,0.21842842596261425,0.894,0.1197285882919691,0.879,0.30475404724693106,0.943,1.5565987904592178
B,10,1000,1000,1000,3,20,0.9034,0.3219797909987392,5.839914849020957e-15,0.0,0.944,1.639396692327125,0.887,0.2234166648804996,0.87,0.14424166938706692,0.891,0.2768037807985701,0.925,1.7816208570540286
B,10,1000,1000,1000,4,20,0.898,0.2960299580008723,1.710321289758047e-14,0.0,0.932,1.619353312583673,0.871,0.32674179155907207,0.858,0.2114320902782039,0.889,0.18549824690076422,0.94,1.9595358777048801
B,10,1000,1000,1000,5,20,0.8934,0.28706841700477526,1.1621726204162568e-14,0.0,0.939,1.7077290042813744,0.873,0.21421461527995161,0.838,0.2106107915243537,0.888,0.1787037946457519,0.929,1.5643335842756807
B,10,1000,1000,1000,6,20,0.9052,0.3109248750115512,9.065229376542358e-15,0.0,0.928,1.4933763492376306,0.896,0.16629393220555022,0.893,0.2105457885961144,0.886,0.2827619141250925,0.923,1.5719017005773537
B,10,1000,1000,1000,7,20,0.8978,0.31030208300217055,6.697406016342692e-15,0.0,0.948,1.6555578418101269,0.89,0.24582025227497475,0.855,0.13134135664445906,0.877,0.3420718706332221,0.919,1.6121301763807376
B,10,1000,1000,1000,8,20,0.8926,0.28488470800220966,1.9977799906403593e-14,0.0,0.923,1.912991835627492,0.86,0.1796652596474421,0.861,0.07470683180991247,0.885,0.24313231941264793,0.934,1.43581541120211
B,10,1000,1000,1000,9,20,0.8948,0.32786979198863264,3.301711838851564e-14,0.0,0.941,1.5106026184897292,0.873,0.3291806395290163,0.848,1.5019831681703568,0.894,0.43387816029816295,0.918,1.8179434595706556
B,10,1000,1000,1000,10,20,0.9006,0.30328916700091213,1.8422026960633228e-14,0.0,0.936,2.0801995735560457,0.888,0.17931146911004053,0.876,1.5740131928981242,0.881,0.2762557607513187,0.922,2.2685643193200047
B,10,1000,1000,1000,11,20,0.8962,0.322356790988124,2.5985820928971368e-14,0.0,0.951,1.5474873592400817,0.872,0.1727303990009004,0.846,0.11931660714592622,0.871,0.2092651235121361,0.941,1.5059126583829163
B,10,1000,1000,1000,12,20,0.8878,0.2959839999966789,2.0858475655105704e-14,0.0,0.925,1.493112935261995,0.886,0.30854350078380055,0.85,1.1298211773012885,0.865,0.23280842365132393,0.913,1.5993030454427701
B,10,1000,1000,1000,13,20,0.8972,0.27862412499962375,1.4870087556100888e-14,0.0,0.941,1.8371574590012831,0.9,0.29634053114967185,0.845,0.14129712682918558,0.861,0.35533293332880983,0.939,1.5205353896813503
B,10,1000,1000,1000,14,20,0.8938,0.31064212499768473,1.15618782036103e-14,0.0,0.931,1.5771804154725206,0.863,0.17031486276499783,0.859,0.1976632169340884,0.887,0.16920228280766347,0.929,1.7710216709958062
B,10,1000,1000,1000,15,20,0.9044,0.3464904580032453,2.3837763305776546e-14,0.0,0.926,1.7154413697898752,0.878,0.21196901401447976,0.878,0.1573246277472571,0.907,0.24110466024525867,0.933,1.5913444430517363
B,10,1000,1000,1000,16,20,0.893,0.30003870799555443,1.1506301320209089e-14,0.0,0.937,1.6251769398259552,0.883,0.22369064125041763,0.864,1.5966893735361887,0.847,0.28870928390186557,0.934,1.7345884813987948
B,10,1000,1000,1000,17,20,0.8988,0.47666045899677556,1.4147243404572701e-14,0.0,0.939,1.5680534225805007,0.879,0.504585978584467,0.866,1.3286215446968768,0.874,0.22816624886019,0.936,1.692414781052375
B,10,1000,1000,1000,18,20,0.8998,0.3180673330061836,1.5469054642223845e-14,0.0,0.938,1.6063063433740696,0.884,0.18146067071961858,0.867,1.7066576141739493,0.876,0.18602991093216933,0.934,1.6911249057391244
B,10,1000,1000,1000,19,20,0.8894,0.2947006659960607,1.2091038293152709e-14,0.0,0.917,1.5970512802196986,0.858,0.12969321316601823,0.863,0.12836172351770855,0.864,0.2533524458009861,0.945,1.6894944601073598
B,10,1000,1000,1000,20,20,0.9042,0.30086399998981506,1.5336685094744137e-14,0.0,0.948,1.7033206769809963,0.877,0.22388474771167047,0.861,0.06782946344805639,0.893,0.24263431291435494,0.942,1.8678776950323084
B,10,1000,1000,1000,21,20,0.8992,0.29476120899198577,1.4047906153758935e-14,0.0,0.937,3.57917447913998,0.889,0.1845102823001153,0.874,0.23922352302492145,0.874,0.3643028607337366,0.922,1.7715008779741177
B,10,1000,1000,1000,22,20,0.8918,0.33560337500239257,2.090286553700453e-14,0.0,0.92,1.6714336263178582,0.877,0.2627238214392946,0.87,0.1389741124853597,0.865,0.19853850552301724,0.927,1.642443270768087
B,10,1000,1000,1000,23,20,0.8968,0.2804672079946613,2.5092483766387275e-14,0.0,0.921,1.622282234334302,0.895,0.2830428138685062,0.844,0.319601292401263,0.884,0.6398436998710662,0.94,1.5715432459900596
B,10,1000,1000,1000,24,20,0.8968,0.30772541600163095,1.9231124172042836e-14,0.0,0.936,1.7034964807783817,0.885,0.2819682509399966,0.847,0.09368888009347574,0.884,0.34974830109465027,0.932,1.5944698425780417
B,10,1000,1000,1000,25,20,0.8928,0.29588779200275894,1.0677563534848046e-14,0.0,0.933,1.815259714175229,0.871,0.20389807617504374,0.839,0.10032523286388836,0.885,0.43360119150883236,0.936,1.5935298517692496
B,10,1000,1000,1000,26,20,0.9022,0.28707654199388344,1.3099692572890231e-14,0.0,0.929,1.7296340182939973,0.886,0.20809284606446926,0.871,0.13885535042389094,0.895,0.24757640520140708,0.93,1.52850805547813
B,10,1000,1000,1000,27,20,0.9018,0.324704416008899,6.749717783095432e-15,0.0,0.924,1.6589968404276625,0.885,0.24772076628720124,0.864,0.2033208327760737,0.894,0.5043155642214385,0.942,1.7277454640289251
B,10,1000,1000,1000,28,20,0.9084,0.3130818750069011,9.553504540069056e-15,0.0,0.93,1.5065421117748303,0.907,0.21090480761389585,0.886,1.4298773974512387,0.892,0.21234177145681551,0.927,1.70843850394435
B,10,1000,1000,1000,29,20,0.899,0.3148033750039758,7.105909401366557e-15,0.0,0.93,1.770727077724964,0.892,0.7313721902759418,0.857,3.7830490588755317,0.878,0.19585487117875974,0.938,1.5894191209385682
B,10,1000,1000,1000,30,20,0.9028,0.29147737499442883,1.729410858834101e-14,0.0,0.939,1.5084504833366985,0.864,0.2166518372236874,0.886,0.46922425381901683,0.886,0.3147904983765831,0.939,1.728076445041985
B,10,1000,1000,1000,31,20,0.8942,0.30029712499526795,2.1152830482076893e-14,0.0,0.945,1.838156126948401,0.857,0.19755767583458897,0.864,0.12429608298635421,0.862,0.22566245559832868,0.943,1.7511198336738323
B,10,1000,1000,1000,32,20,0.8978,0.2905420829920331,7.419576696253192e-15,0.0,0.934,1.940383469421867,0.883,0.2371647374734094,0.859,0.16192848707518953,0.877,0.1906967775978323,0.936,1.5968624679893835
B,10,1000,1000,1000,33,20,0.8958,0.35318141599418595,1.0489911435875882e-14,0.0,0.933,2.399708611341364,0.883,0.18920053766999323,0.844,0.17823710765232187,0.894,0.20799715207116815,0.925,1.5502355965990497
B,10,1000,1000,1000,34,20,0.8992,0.3044104169966886,1.0113044945219082e-14,0.0,0.93,1.7684922809494128,0.894,0.19040166609372797,0.865,0.12461427391714333,0.883,0.19176206722743633,0.924,1.8062703775559774
B,10,1000,1000,1000,35,20,0.8976,0.29770712500612717,1.9130668826188638e-14,0.0,0.935,1.5290184539870433,0.89,0.22271111414334774,0.832,0.08784818015300329,0.906,0.2319065313567204,0.925,1.617072315302853
B,10,1000,1000,1000,36,20,0.9034,0.2766252499859547,7.052037796543346e-15,0.0,0.935,1.7438334179300845,0.888,0.24060235896441737,0.881,1.657780839848354,0.868,0.27183972294314795,0.945,1.5710133831832345
B,10,1000,1000,1000,37,20,0.8994,0.29104912499315105,9.190004789158499e-15,0.0,0.935,1.5258328177133524,0.876,0.21925646806844876,0.866,0.8020001661827143,0.893,0.4064268732506036,0.927,1.6053717135790686
B,10,1000,1000,1000,38,20,0.8956,0.2635186249972321,1.4020412743194375e-14,0.0,0.926,1.656547794010934,0.88,0.19077711351558896,0.861,0.6176331766229494,0.877,0.22495904764504157,0.934,1.4428296022794869
B,10,1000,1000,1000,39,20,0.8974,0.31625691600493155,9.69072901704662e-15,0.0,0.925,1.9819990446431162,0.867,0.1510990560629087,0.858,0.12438414954302479,0.901,0.25181015748567503,0.936,1.6141110694658798
B,10,1000,1000,1000,40,20,0.8946,0.29877600001054816,2.37793125216751e-14,0.0,0.938,1.5788560568113272,0.864,0.3084239886590006,0.878,0.1030701668474328,0.871,0.376326561169629,0.922,1.614829245461964
B,10,1000,1000,1000,41,20,0.895,0.313804125005845,1.1613781208817505e-14,0.0,0.933,1.5514392008521634,0.877,0.26928016910095337,0.854,0.46136613793760134,0.89,0.23426128502133156,0.921,1.5032587220018416
B,10,1000,1000,1000,42,20,0.8968,0.30778025000472553,8.003156516052712e-15,0.0,0.933,1.6258802919002975,0.899,0.21314653988969104,0.842,0.2023056093463492,0.876,0.22290896929438778,0.934,1.6958230292188767
B,10,1000,1000,1000,43,20,0.8962,1.172270249997382,2.175878428027134e-14,0.0,0.915,2.181292784922991,0.891,0.23809459242958364,0.856,0.19667639484451527,0.889,0.21793470568247475,0.93,1.5488797364870226
B,10,1000,1000,1000,44,20,0.9004,0.7748005409957841,4.1550857381975034e-14,0.0,0.931,1.6254863638197297,0.891,0.38979847035969234,0.869,0.06644545588880937,0.889,0.14805319549312493,0.922,1.6691002579932102
B,10,1000,1000,1000,45,20,0.9018,0.6489436249976279,5.327038524674932e-15,0.0,0.94,1.3703935403649743,0.877,0.26815270345344355,0.869,0.4806250516223834,0.897,0.1848227372142717,0.926,1.8334497716726939
B,10,1000,1000,1000,46,20,0.9006,0.30911070900037885,1.321796713042447e-14,0.0,0.926,1.9577510715073607,0.892,0.32534862403740294,0.87,1.2248319244689396,0.882,0.20527369721464125,0.933,2.0747841589307354
B,10,1000,1000,1000,47,20,0.8962,0.27877483300107997,1.4220886662236906e-14,0.0,0.92,1.6314869828252372,0.873,0.25811437719719765,0.854,2.6265882934936204,0.881,0.1859829382927214,0.953,1.6665986373103696
B,10,1000,1000,1000,48,20,0.9038,0.2703973340103403,7.512780965750599e-15,0.0,0.942,1.9728245861334643,0.88,0.20086344512987098,0.855,0.12167992266493434,0.897,0.3398755075180021,0.945,2.6783662278986187
B,10,1000,1000,1000,49,20,0.8986,0.3006022500048857,1.5177083787370147e-14,0.0,0.939,1.6152944005917935,0.868,0.1895388015407113,0.866,1.064463896330539,0.887,0.19254885541258654,0.933,2.099315516043202
B,100,100,1000,1000,0,20,0.899,0.7976158329984173,6.027795099362924e-15,0.0,0.917,0.5993047389806012,0.902,0.5203137333389318,0.875,1.1557465860332021,0.883,0.9914041804768192,0.918,3.1115314476701283
B,100,100,1000,1000,1,20,0.8964,0.7022172500001034,1.3059780144058058e-14,0.0,0.928,1.7479942701071782,0.885,0.5410819282806956,0.894,0.4896117016043023,0.853,0.7897699319910357,0.922,1.30121117388916
B,100,100,1000,1000,2,20,0.8876,0.7636471250007162,4.140173215213044e-15,0.0,0.928,1.3484640646737127,0.855,0.2761102933268565,0.87,0.5025125609260923,0.847,1.155660556732654,0.938,0.8881027480012235
B,100,100,1000,1000,3,20,0.9052,0.7230809580069035,1.513164410828225e-14,0.0,0.941,2.691655499571017,0.899,0.5679923475100117,0.846,0.6099851972130053,0.888,0.6560353267227318,0.952,1.2627456634102754
B,100,100,1000,1000,4,20,0.9002,0.685338416005834,1.4474403366472742e-14,0.0,0.934,1.846950589827722,0.89,1.2234295342129322,0.88,1.2472441514314094,0.877,0.7703842574868788,0.92,0.8476429009675396
B,100,100,1000,1000,5,20,0.8942,0.7165941659914097,2.6981390536367357e-14,0.0,0.944,1.445596397564244,0.857,0.6471155333361936,0.872,0.41904549847557343,0.845,1.1554717272284092,0.953,1.3634664323525827
B,100,100,1000,1000,6,20,0.892,0.6546335000020918,1.2475793298767638e-14,0.0,0.911,1.286630659011229,0.881,1.1839033573016917,0.881,0.7873728279983134,0.866,0.7043240111527879,0.921,2.281518392899691
B,100,100,1000,1000,7,20,0.8842,0.6832594580046134,1.4269129651305627e-14,0.0,0.935,3.418114523320898,0.858,0.477735966046427,0.882,0.6332113311378541,0.813,0.5289277724091062,0.933,0.7547038821415719
B,100,100,1000,1000,8,20,0.8954,0.7333667500060983,6.628326109878278e-15,0.0,0.908,0.9637497372093486,0.899,0.8530293430187984,0.847,0.2823731177151543,0.899,0.4860587516760428,0.924,0.954793151834421
B,100,100,1000,1000,9,20,0.8966,0.7056712500052527,7.180424022942237e-15,0.0,0.928,2.6797174333821134,0.908,0.39746902546339996,0.819,1.8346859947926963,0.907,0.38156656200591454,0.921,2.2851278059166553
B,100,100,1000,1000,10,20,0.9016,0.7047121670038905,8.509146831144436e-15,0.0,0.945,0.9047085731868648,0.866,2.2036758466610116,0.858,0.6927928772242222,0.892,0.6152516439877583,0.947,1.0538923844576933
B,100,100,1000,1000,11,20,0.9004,0.67766416700033,1.1272754934471683e-14,0.0,0.935,1.6581913691295507,0.901,1.1245937837343831,0.864,0.29054351728963457,0.901,0.35873260517834743,0.901,1.3223700139743553
B,100,100,1000,1000,12,20,0.8986,0.7066327909997199,1.2041572395434655e-14,0.0,0.934,2.8480052913494345,0.869,0.7619286116999447,0.88,3.177078572690832,0.886,1.9006426925005182,0.924,3.769510487361868
B,100,100,1000,1000,13,20,0.8984,0.7085448750003707,1.3727711914524578e-14,0.0,0.937,2.48999864891823,0.878,1.4629635939061891,0.844,1.2625706259674854,0.885,0.5453877455613817,0.948,1.0709088218479577
B,100,100,1000,1000,14,20,0.8956,0.710361457997351,1.615035719712952e-14,0.0,0.945,1.5205173292367629,0.849,1.036398952680045,0.856,2.3955079127584438,0.883,0.5143423034717604,0.945,2.2580831052833363
B,100,100,1000,1000,15,20,0.8956,0.7091671250091167,6.349536459415377e-15,0.0,0.959,0.7151455697622365,0.828,1.5879728023856954,0.87,9.42574720218738,0.864,1.5601164933165552,0.957,1.2792117237988754
B,100,100,1000,1000,16,20,0.894,0.7217727919924073,8.211460842318411e-15,0.0,0.91,0.5822719938512513,0.874,0.7041405479354776,0.887,2.7506235869525937,0.887,0.2960922804479903,0.912,1.4570328827319368
B,100,100,1000,1000,17,20,0.89,0.7214867500006221,5.644413246122633e-15,0.0,0.928,0.9043525466316854,0.884,1.1418743577062538,0.849,0.9757769606461827,0.861,0.352304700661288,0.928,0.6703281911818171
B,100,100,1000,1000,18,20,0.8916,0.7327776669990271,4.202578385160681e-15,0.0,0.918,0.7097112175419912,0.869,1.1378717433860406,0.885,2.4903524569171736,0.851,2.439343758245812,0.935,1.043176017323031
B,100,100,1000,1000,19,20,0.8894,0.6750312500080327,4.146778551752897e-15,0.0,0.929,1.050052530986735,0.884,0.2691574422357333,0.855,1.1252322631249818,0.829,1.4930420725584597,0.95,1.468229703570083
B,100,100,1000,1000,20,20,0.893,0.7090202919935109,7.379639358736817e-15,0.0,0.944,1.39146802085406,0.862,0.7810521357696432,0.854,2.5049239726634727,0.886,1.7319663096197602,0.919,0.5101784600965209
B,100,100,1000,1000,21,20,0.8958,0.7222002079943195,7.814456203326812e-15,0.0,0.955,2.063363041380337,0.86,1.7938326228806682,0.828,2.1383049273957684,0.902,1.9221009229115047,0.934,0.6543313665798791
B,100,100,1000,1000,22,20,0.893,0.7553238749969751,3.306447950164891e-14,0.0,0.935,0.9133235645329427,0.882,0.35261756165790975,0.868,0.9666839442999928,0.845,1.0913977396161254,0.935,1.5352577885600343
B,100,100,1000,1000,23,20,0.885,0.6771938750025583,2.487481193902524e-15,0.0,0.942,1.9227291069440557,0.883,1.228023440748754,0.812,2.356883107497524,0.889,0.7803582988838788,0.899,0.7912013204962692
B,100,100,1000,1000,24,20,0.89,0.7169588749966351,6.476539275961115e-15,0.0,0.914,3.4227423155468526,0.904,0.6209948037254867,0.875,1.8688821850226762,0.84,0.5690880569188711,0.917,1.7128644117865857
B,100,100,1000,1000,25,20,0.9,0.6832707919966197,4.619209676753675e-15,0.0,0.937,0.5069899470209306,0.876,0.621914102778889,0.876,0.32615001706008234,0.895,0.7526359107669519,0.916,2.124513475943156
B,100,100,1000,1000,26,20,0.8972,0.6876479579950683,4.609695026323264e-15,0.0,0.937,1.6079470024676474,0.884,1.202318107346386,0.88,1.951357132775867,0.874,0.39379166702196833,0.911,2.677326369063704
B,100,100,1000,1000,27,20,0.9008,0.686639166000532,1.1811390622910562e-14,0.0,0.957,0.5109294256580624,0.876,0.7298771049037565,0.852,1.193159737680768,0.893,0.45781313420573266,0.926,2.0983084026206624
B,100,100,1000,1000,28,20,0.8954,0.7568952919973526,6.123388017089168e-15,0.0,0.932,1.320586693494424,0.882,0.6967427296986505,0.87,2.0375840248238983,0.871,1.1146552499637667,0.922,0.9849195260964354
B,100,100,1000,1000,29,20,0.8914,0.6718244170042453,3.329931491776578e-15,0.0,0.93,0.8246514802953461,0.836,0.459396080474157,0.877,0.7602725485390992,0.868,1.8555239903271097,0.946,0.505065023049131
B,100,100,1000,1000,30,20,0.8926,0.5655794589983998,2.1018333110330524e-14,0.0,0.898,0.8638520981366373,0.884,1.509674662124875,0.866,0.46825797817268794,0.874,0.6978919898473691,0.941,0.9457202586067139
B,100,100,1000,1000,31,20,0.8966,0.5758607919997303,7.248801512982652e-15,0.0,0.933,1.3806991282516554,0.884,0.6117804043516776,0.87,0.9397867423662919,0.865,0.5433232181993681,0.931,0.8108494091141611
B,100,100,1000,1000,32,20,0.8876,0.5786988750041928,8.640602981895433e-15,0.0,0.903,3.4256338943119102,0.863,0.3841919954661398,0.86,2.626866978832112,0.869,0.9825526296804595,0.943,1.1053041764036584
B,100,100,1000,1000,33,20,0.8918,0.5759307499974966,1.0712636611081722e-14,0.0,0.906,0.5701720940920891,0.865,1.320828321002121,0.842,1.9605890377406627,0.914,0.5407270171041836,0.932,1.6462081139557165
B,100,100,1000,1000,34,20,0.8964,0.5976511669869069,8.903379830984201e-15,0.0,0.932,1.118583248026488,0.871,0.7421316910587654,0.855,0.9611651227194251,0.881,0.9256746587083693,0.943,1.0207337015208733
B,100,100,1000,1000,35,20,0.8892,0.5784228330012411,1.3332635163688413e-14,0.0,0.931,0.9663450734553515,0.87,1.2507497819396796,0.848,2.393188545250561,0.882,1.94022184528324,0.915,1.4357042893472844
B,100,100,1000,1000,36,20,0.8916,0.5627122080040863,3.978812190123361e-15,0.0,0.94,0.625652406802248,0.896,1.4687717107774818,0.877,0.9794494783078039,0.834,1.1157518421866015,0.911,1.3503806121315514
B,100,100,1000,1000,37,20,0.8982,0.5634794999932637,3.4619675981965154e-14,0.0,0.923,1.110034383792891,0.88,1.9398335093966983,0.852,3.6482694657698325,0.896,0.6646682628893129,0.94,1.3266851664613428
B,100,100,1000,1000,38,20,0.8982,0.6914968750061234,4.7694478599528315e-15,0.0,0.931,1.9657091267448163,0.891,1.5077336981374194,0.86,0.5117919635067925,0.885,0.6658060322294194,0.924,0.8337633377482793
B,100,100,1000,1000,39,20,0.9024,0.5570489170058863,7.860311308070785e-15,0.0,0.924,1.1342928137554065,0.879,1.3206351639838831,0.877,2.118533901258632,0.88,0.616978428992829,0.952,1.407254921085285
B,100,100,1000,1000,40,20,0.887,0.5785719999985304,9.888432872425674e-15,0.0,0.949,1.1174816117785031,0.849,4.11764349942218,0.842,3.195212434007341,0.907,0.7973021366891669,0.888,2.66371016240775
B,100,100,1000,1000,41,20,0.8892,0.5784794170031091,1.2364619011969298e-14,0.0,0.943,1.546297499525278,0.85,0.6066263346219416,0.845,1.371584136782483,0.859,1.0962580270114342,0.949,2.228903440972118
B,100,100,1000,1000,42,20,0.8878,0.5699910420080414,8.505202144390949e-15,0.0,0.906,4.167188495874532,0.867,0.7671975793467934,0.876,0.9216614222776004,0.872,1.080760328101211,0.918,2.3283094725470956
B,100,100,1000,1000,43,20,0.8948,0.5846345829922939,9.272073653608222e-15,0.0,0.91,1.545077408998927,0.884,0.3965504760578134,0.868,2.08299973650429,0.879,0.8778316295999778,0.933,1.2517728083567299
B,100,100,1000,1000,44,20,0.9034,0.574463041004492,1.4563879636077517e-14,0.0,0.938,2.864292013878267,0.907,0.5038816940967364,0.854,0.8242271548241882,0.88,0.5200787398608406,0.938,0.5877176190011182
B,100,100,1000,1000,45,20,0.8898,0.5756328329880489,9.583802955534409e-15,0.0,0.932,1.0189175597616806,0.893,0.9399850984374288,0.836,0.7682995744502522,0.864,1.3165480883569844,0.924,3.7448188310465578
B,100,100,1000,1000,46,20,0.8912,0.5646798749949085,9.579235964180907e-15,0.0,0.879,1.055521929924059,0.899,2.985587962367909,0.877,0.3915664424008268,0.877,0.5662649291875809,0.924,0.7686514149836097
B,100,100,1000,1000,47,20,0.8958,0.5632453329890268,1.0562374563674973e-14,0.0,0.929,0.749255755666679,0.913,0.8864657480839171,0.833,0.7242919159602638,0.875,0.9623319809947796,0.929,1.7688351132956435
B,100,100,1000,1000,48,20,0.896,0.5622458330035442,5.745993542450483e-15,0.0,0.929,0.8042962851698602,0.865,0.5450181239755155,0.857,1.7375234646470799,0.905,0.6568108119950837,0.924,1.3102251919511378
B,100,100,1000,1000,49,20,0.8896,0.563900041001034,9.048643348304936e-15,0.0,0.908,1.253698687878498,0.875,1.9061394907951914,0.871,3.6630468018270785,0.863,3.1418386511704535,0.931,0.8841292574857538
B,100,1000,1000,1000,0,20,0.907,0.93429858298623,5.335078505146366e-15,0.0,0.927,0.1179263515815049,0.902,0.251008996094204,0.866,0.1827354578059413,0.901,0.059075980908733984,0.939,0.36436071589450586
B,100,1000,1000,1000,1,20,0.9,0.9219552920112619,7.287428901501627e-15,0.0,0.939,0.11313515698798636,0.906,0.07627675571698087,0.857,0.04604730659535712,0.881,0.1056680416315772,0.917,0.2641110553679036
B,100,1000,1000,1000,2,20,0.9056,0.9517111250024755,5.659044523325466e-15,0.0,0.948,0.1712995128388824,0.899,0.055460984955846955,0.845,0.04556806191384056,0.897,0.05336433026654179,0.939,0.3129953526431677
B,100,1000,1000,1000,3,20,0.9028,0.9452550830028486,1.4775352837722425e-14,0.0,0.935,0.21024059430861217,0.896,0.09630985087466969,0.871,0.06923676830674892,0.88,0.10790172221488324,0.932,0.10142631878266846
B,100,1000,1000,1000,4,20,0.9076,1.069234458002029,7.617852090233495e-15,0.0,0.958,0.1426564360300897,0.89,0.031758855896263684,0.861,0.08382446883503251,0.9,0.12178786677072641,0.929,0.1089107971673159
B,100,1000,1000,1000,5,20,0.9032,0.9895583330071531,1.707271282128852e-14,0.0,0.92,0.32589395130681287,0.902,0.071325767697013,0.846,0.07812061886817807,0.912,0.05936254483487489,0.936,0.26940635821785747
B,100,1000,1000,1000,6,20,0.9024,0.944755709002493,1.0380670744910766e-14,0.0,0.94,0.3091760136747236,0.886,0.09002915478763596,0.871,0.06152101452437675,0.903,0.13370576226855982,0.912,0.14677437986555056
B,100,1000,1000,1000,7,20,0.905,0.9680557910032803,2.9146943768681284e-14,0.0,0.944,0.3397781906274183,0.895,0.06903642455094339,0.866,0.10848307835715576,0.876,0.056951819755579315,0.944,0.22000811965066183
B,100,1000,1000,1000,8,20,0.9048,0.9962366660038242,2.0775890708906576e-14,0.0,0.937,0.1339002619488222,0.911,0.18037631866861095,0.857,0.37257457241174763,0.881,0.08374254755247311,0.938,0.2916488825072523
B,100,1000,1000,1000,9,20,0.9102,0.9623128329985775,8.440056980334074e-15,0.0,0.951,0.1330099236303329,0.914,0.24594705488408025,0.859,0.10081339889313891,0.893,0.09905288046625269,0.934,0.1637453398234938
B,100,1000,1000,1000,10,20,0.9018,0.9750918749923585,1.4364401695964084e-14,0.0,0.934,0.17708139786270413,0.887,0.08998022128515361,0.869,0.19830828177506155,0.877,0.13113712194814262,0.942,0.23666733928973344
B,100,1000,1000,1000,11,20,0.9102,0.9397299159900285,1.441854284331064e-14,0.0,0.94,0.71161419357827,0.901,0.06466330918893191,0.867,0.3050613084056768,0.911,0.054467188445929404,0.932,0.1900926045747276
B,100,1000,1000,1000,12,20,0.9008,0.9354934169969056,7.507050085960853e-15,0.0,0.924,0.1907634120432537,0.899,0.11110787533239289,0.845,0.680762045888899,0.891,0.05018947929904042,0.945,0.08398504272423485
B,100,1000,1000,1000,13,20,0.9104,1.0696500000049127,9.129640015950327e-15,0.0,0.955,0.2057093792039716,0.897,0.10290381937446355,0.879,0.06563726871267164,0.881,0.07898327417890515,0.94,0.15119088732134403
B,100,1000,1000,1000,14,20,0.9126,0.9953350410069106,1.6085112637612806e-14,0.0,0.936,0.25059636290212567,0.921,0.06174512232699076,0.865,0.07148733201503789,0.912,0.12846172582740123,0.929,0.2492294400541473
B,100,1000,1000,1000,15,20,0.9036,1.012030625002808,1.8004289535863885e-14,0.0,0.924,0.39143311129765085,0.886,0.053902528705719426,0.872,0.13578273572282354,0.895,0.12554924983750193,0.941,0.15856372944731842
B,100,1000,1000,1000,16,20,0.9042,0.9586441249994095,1.2178347509651749e-14,0.0,0.936,0.212104597175366,0.881,0.09947335062700234,0.859,0.24370674662192618,0.902,0.08889710942954923,0.943,0.1196754972010834
B,100,1000,1000,1000,17,20,0.9094,0.9548361250053858,2.583943628139782e-14,0.0,0.944,0.1615223314163696,0.899,0.039932285584379695,0.869,0.6670528862906829,0.903,0.04493013553573184,0.932,0.2613649572185228
B,100,1000,1000,1000,18,20,0.9118,1.066093457993702,1.1305327608709815e-14,0.0,0.932,0.48362428404619845,0.908,0.12310869934498883,0.873,0.2313593187731587,0.901,0.14164630899648428,0.945,0.14816807130791562
B,100,1000,1000,1000,19,20,0.9014,0.9809352919983212,1.1817714412506457e-14,0.0,0.941,0.10991390925329579,0.893,0.06766433925600868,0.857,0.3116770537154046,0.883,0.18435036403775465,0.933,0.14139643508605587
B,100,1000,1000,1000,20,20,0.9064,0.9574414999951841,1.6638109272280155e-14,0.0,0.933,0.1898183773714483,0.894,0.061070058986483065,0.85,0.0360917296107054,0.915,0.14841934619126249,0.94,0.19803641403952163
B,100,1000,1000,1000,21,20,0.9106,0.9946152500051539,1.5385990726579258e-14,0.0,0.948,0.16563418991211887,0.898,0.046973465795266914,0.873,0.2847259532722897,0.889,0.04827888993877184,0.945,0.12946260324713604
B,100,1000,1000,1000,22,20,0.895,0.9434952919982607,1.708617331651355e-14,0.0,0.919,0.1345936818513235,0.891,0.1166200518511292,0.852,0.10333402129463473,0.877,0.07655352140343044,0.936,0.09838728562654635
B,100,1000,1000,1000,23,20,0.9058,0.9675950829987414,1.1366206791888616e-14,0.0,0.939,0.1540239548922094,0.904,0.057483775213335905,0.879,0.25129770510516825,0.883,0.06131419910280777,0.924,0.10312605372757194
B,100,1000,1000,1000,24,20,0.9118,1.1535225419938797,1.927830890031552e-14,0.0,0.942,0.21522801533973673,0.895,0.06664033266169284,0.878,0.4048344764507776,0.915,0.06274383595660131,0.929,0.23672844975626006
B,100,1000,1000,1000,25,20,0.91,1.1828384999971604,1.0708455890863111e-14,0.0,0.953,0.1471976081393624,0.869,0.08056593151678818,0.869,0.16044561757568349,0.907,0.06104479017064832,0.952,0.20387673362907496
B,100,1000,1000,1000,26,20,0.9058,1.3063595830026316,5.744811639977767e-15,0.0,0.95,0.20629088913063057,0.899,0.1116024622283885,0.857,0.07733065244466436,0.896,0.029048025938552418,0.927,0.09258940842840442
B,100,1000,1000,1000,27,20,0.9012,1.2585847500013188,6.970648265179258e-15,0.0,0.939,0.2197758779360484,0.894,0.035736088261032806,0.87,0.4597776891142183,0.867,0.07029531049363692,0.936,0.14064104445283265
B,100,1000,1000,1000,28,20,0.8998,1.152910625009099,6.8531885295050686e-15,0.0,0.933,0.12087437039331209,0.882,0.21495499190143627,0.868,0.6382730539628602,0.881,0.029475474404865754,0.935,0.1184175828174037
B,100,1000,1000,1000,29,20,0.9104,1.1472128330060514,1.0800340081011977e-14,0.0,0.945,0.16163263193403304,0.896,0.11744958477334845,0.875,0.26217592774904974,0.894,0.0888947811464302,0.942,0.13139368102820753
B,100,1000,1000,1000,30,20,0.9084,1.2016686249990016,1.894760083404182e-14,0.0,0.933,0.13648877434056353,0.899,0.07157930156091943,0.859,0.08513273140269312,0.911,0.05426306833700772,0.94,0.20610691216891486
B,100,1000,1000,1000,31,20,0.8952,1.1656058329972439,1.7715945883767814e-14,0.0,0.929,0.21342219649800867,0.889,0.126579659833278,0.853,0.17615471576957112,0.88,0.03677760316980129,0.925,0.25827054607231825
B,100,1000,1000,1000,32,20,0.905,1.1992471249977825,1.2689479352378273e-14,0.0,0.937,0.08568437040435306,0.892,0.07696911944982912,0.857,0.1475318798793586,0.907,0.05965478451116659,0.932,0.18404927217819403
B,100,1000,1000,1000,33,20,0.9,1.3117977079964476,2.5625035063255763e-14,0.0,0.932,0.11184179673093352,0.884,0.052037704232090976,0.852,0.050445674790405653,0.902,0.03500794027349832,0.93,0.18731657288571102
B,100,1000,1000,1000,34,20,0.9104,1.3117561669932911,2.3947730303642054e-14,0.0,0.94,0.12044403824557545,0.892,0.05132355657258701,0.869,0.14818026784351251,0.912,0.1061427036106533,0.939,0.19680721917238814
B,100,1000,1000,1000,35,20,0.91,1.1218696669966448,1.0468660873515008e-14,0.0,0.943,0.15402169587312572,0.891,0.22692489633816793,0.884,1.556158792728503,0.895,0.06810698984241809,0.937,0.20425270021625347
B,100,1000,1000,1000,36,20,0.9102,1.1930226250115084,1.2119831726967724e-14,0.0,0.931,0.11819167740206507,0.904,0.07305418898553626,0.856,0.4546795457064978,0.908,0.057344976020139396,0.952,0.26900951754838714
B,100,1000,1000,1000,37,20,0.9066,1.2071427909977501,1.1409455836387953e-14,0.0,0.943,0.17482669138807447,0.89,0.06066391533743033,0.878,0.224087518004636,0.894,0.07240171561937786,0.928,0.18201228654815074
B,100,1000,1000,1000,38,20,0.9096,1.1740265419939533,1.4004957082553682e-14,0.0,0.934,0.20798184181587295,0.899,0.1960967765315559,0.878,0.22369924462092178,0.91,0.08438532422434573,0.927,0.16654095392091023
B,100,1000,1000,1000,39,20,0.9022,1.1865179160085972,2.8458531596659514e-14,0.0,0.94,0.17093739549788722,0.892,0.14474876225334218,0.852,0.056407746482405194,0.891,0.06379541224418567,0.936,0.14306929841595512
B,100,1000,1000,1000,40,20,0.905,1.3786617910081986,6.952945012756356e-15,0.0,0.942,0.2269792534387074,0.89,0.24330750223359152,0.852,0.09582896526697864,0.9,0.08404961509271756,0.941,0.16590972916269398
B,100,1000,1000,1000,41,20,0.9114,1.3398003329930361,1.7747844736945714e-14,0.0,0.946,0.11854629229847122,0.911,0.059334006973583736,0.858,0.08156829224628101,0.907,0.17325957491912727,0.935,0.39226219499707665
B,100,1000,1000,1000,42,20,0.906,1.2172114170098212,9.353225885736009e-15,0.0,0.938,0.1774750110685291,0.899,0.06032382991715655,0.859,0.18518609769479455,0.911,0.062370723872238444,0.923,0.23845484230529426
B,100,1000,1000,1000,43,20,0.9066,1.2062515830039047,3.0405344001826086e-14,0.0,0.929,0.23721558927423222,0.919,0.04081335694833784,0.834,0.030448417541803288,0.896,0.19228496130579467,0.955,0.14791042033176657
B,100,1000,1000,1000,44,20,0.9082,1.2149391250131885,1.0959703147332044e-14,0.0,0.945,0.13325035308210886,0.898,0.12898153575882726,0.868,0.2041476505922883,0.89,0.08498877274364153,0.94,0.11511137392537574
B,100,1000,1000,1000,45,20,0.905,1.185873915994307,7.538571380257914e-15,0.0,0.943,0.1188621479355791,0.895,0.1270676520099379,0.856,0.09220615493636655,0.892,0.1085988370539531,0.939,0.16992322928460996
B,100,1000,1000,1000,46,20,0.906,1.2519518329936545,5.109657867840855e-15,0.0,0.935,0.12798656635467875,0.904,0.06725436279837667,0.87,0.18503786997207025,0.889,0.2603992404853737,0.932,0.1646576197518565
B,100,1000,1000,1000,47,20,0.9054,1.213163500011433,5.430901089861058e-15,0.0,0.951,0.11986679560860157,0.885,0.06426053809519372,0.856,0.28292258875074006,0.909,0.06605617038746124,0.926,0.11448614534419763
B,100,1000,1000,1000,48,20,0.9098,1.2307415410032263,4.961121377416882e-14,0.0,0.931,0.23743869385962427,0.911,0.04946842760975037,0.867,0.06283724248523535,0.903,0.05093275642067947,0.937,0.11767050754888753
B,100,1000,1000,1000,49,20,0.901,1.3398745840095216,1.458031831655912e-14,0.0,0.923,0.15978050726866816,0.884,0.036470422120203294,0.873,0.2593375258533451,0.909,0.2554023837902874,0.916,0.1071490541899934
